Answer ID,Time_interface,Control,Likes,Reposts,Comments,Effectivness,Comfort,Age,Sex,Education,Completion_time,Type
answer-2l2u2lvtvknf2,9904,3-4,1,1,1,6,5,26,Мужчина,"Высшее образование (бакалавриат, специалитет в университете, академии, институте и т.п.)",77502,Interstitial
answer-crg6nhj2lvtvkqdn,30323,3-4,2,2,1,6,7,47,Мужчина,"Высшее образование (магистратура, ординатура)",116909,Interstitial
answer-2l2u2lvtvkqla,60263,3-4,1,1,1,6,7,50,Женщина,Ученая степень кандидата / доктора наук,168643,Interstitial
answer-crg6nhj2lvtvl276,45959,3-4,1,1,3,7,7,38,Мужчина,"Высшее образование (бакалавриат, специалитет в университете, академии, институте и т.п.)",127912,Interstitial
answer-crg6nhj2lvtvl3kw,27618,3-4,2,1,1,5,6,35,Мужчина,"Среднее профессиональное образование (техникум, колледж, училище и т.п.)",188043,Interstitial
answer-crg6nhj2lvtvl493,23674,3-4,1,1,2,7,6,42,Мужчина,"Высшее образование (бакалавриат, специалитет в университете, академии, институте и т.п.)",124022,Interstitial
answer-2l2u2lvtvl4y5,118990,3-4,1,1,1,7,7,26,Мужчина,"Среднее профессиональное образование (техникум, колледж, училище и т.п.)",245868,Interstitial
answer-crg6nhj2lvtvl5ql,24467,3-4,4,4,5,4,4,40,Женщина,"Высшее образование (магистратура, ординатура)",106887,Interstitial
answer-crg6nhj2lvtvl7gj,41891,1-2,1,1,1,7,7,48,Женщина,"Высшее образование (бакалавриат, специалитет в университете, академии, институте и т.п.)",120593,Interstitial
answer-2l2u2lvtvl9kt,39637,3-4,1,1,2,5,3,28,Женщина,"Высшее образование (бакалавриат, специалитет в университете, академии, институте и т.п.)",141637,Interstitial
answer-2l2u2lvtvlbv6,13836,2-3,1,1,1,7,7,35,Женщина,"Высшее образование (бакалавриат, специалитет в университете, академии, институте и т.п.)",48240,Interstitial
answer-2l2u2lvtvlgvs,15830,3-4,1,1,5,7,7,40,Женщина,"Высшее образование (бакалавриат, специалитет в университете, академии, институте и т.п.)",84192,Interstitial
answer-crg6nhj2lvtvljqs,355662,3-4,4,4,6,6,6,49,Мужчина,"Высшее образование (магистратура, ординатура)",798681,Interstitial
answer-crg6nhj2lvtvlp1e,11961,3-4,3,1,1,5,6,36,Мужчина,"Высшее образование (магистратура, ординатура)",49239,Interstitial
answer-2l2u2lvtvlw8s,24195,3-4,1,1,1,6,1,45,Женщина,"Высшее образование (бакалавриат, специалитет в университете, академии, институте и т.п.)",100374,Interstitial
answer-2l2u2lvtvlxi2,5514,3-4,1,2,3,4,2,18,Мужчина,"Среднее профессиональное образование (техникум, колледж, училище и т.п.)",40659,Interstitial
answer-crg6nhj2lvtvm0k4,11423,1-2,1,1,1,7,1,35,Мужчина,"Среднее профессиональное образование (техникум, колледж, училище и т.п.)",106405,Interstitial
answer-crg6nhj2lvtvm36r,129813,3-4,1,1,1,2,2,41,Женщина,"Высшее образование (магистратура, ординатура)",270937,Interstitial
answer-crg6nhj2lvtvm6gf,52248,3-4,1,1,1,5,5,40,Женщина,"Высшее образование (магистратура, ординатура)",-62932,Interstitial
answer-crg6nhj2lvtvma3k,19167,3-4,1,1,1,4,4,40,Женщина,"Высшее образование (бакалавриат, специалитет в университете, академии, институте и т.п.)",80339,Interstitial
answer-2l2u2lvtvma70,45512,3-4,6,1,1,4,2,34,Женщина,"Среднее профессиональное образование (техникум, колледж, училище и т.п.)",144615,Interstitial
answer-2l2u2lvtvmbsy,41721,2-3,1,1,1,7,7,39,Мужчина,"Высшее образование (магистратура, ординатура)",140268,Interstitial
answer-2l2u2lvtvmcj4,33121,3-4,4,4,4,4,4,31,Мужчина,"Среднее профессиональное образование (техникум, колледж, училище и т.п.)",126105,Interstitial
answer-crg6nhj2lvtvmels,9834,3-4,7,7,7,7,7,27,Женщина,"Среднее профессиональное образование (техникум, колледж, училище и т.п.)",52435,Interstitial
answer-2l2u2lvtvmg9v,55036,3-4,1,1,1,4,3,41,Женщина,"Среднее профессиональное образование (техникум, колледж, училище и т.п.)",164315,Interstitial
answer-2l2u2lvtvmixk,15661,3-4,3,1,3,7,5,37,Мужчина,"Среднее профессиональное образование (техникум, колледж, училище и т.п.)",70842,Interstitial
answer-crg6nhj2lvtvmlp4,5543,3-4,1,1,1,7,7,30,Женщина,"Высшее образование (магистратура, ординатура)",71813,Interstitial
answer-crg6nhj2lvtvmms6,17188,3-4,3,2,1,6,7,48,Женщина,"Среднее профессиональное образование (техникум, колледж, училище и т.п.)",146767,Interstitial
answer-crg6nhj2lvtvmnw8,42217,3-4,1,1,1,1,1,30,Мужчина,"Высшее образование (бакалавриат, специалитет в университете, академии, институте и т.п.)",108133,Interstitial
answer-2l2u2lvtvmnx8,10917,3-4,1,1,1,7,5,43,Мужчина,"Высшее образование (магистратура, ординатура)",82975,Interstitial
answer-2l2u2lvtvmnxq,9745,3-4,1,1,4,6,6,49,Мужчина,"Высшее образование (бакалавриат, специалитет в университете, академии, институте и т.п.)",-23842,Interstitial
answer-2l2u2lvtvmrva,17072,3-4,2,1,1,6,7,21,Мужчина,"Среднее профессиональное образование (техникум, колледж, училище и т.п.)",65597,Interstitial
answer-2l2u2lvtvmt2r,5391,3-4,4,6,4,6,4,37,Мужчина,"Среднее профессиональное образование (техникум, колледж, училище и т.п.)",48981,Interstitial
answer-crg6nhj2lvtvmtmy,15801,3-4,1,1,1,6,6,46,Мужчина,"Высшее образование (бакалавриат, специалитет в университете, академии, институте и т.п.)",117322,Interstitial
answer-crg6nhj2lvtvmty9,12259,3-4,1,1,1,6,7,29,Женщина,Основное общее или среднее общее (школьное) образование,85836,Interstitial
answer-crg6nhj2lvtvmv2v,112796,3-4,1,1,1,7,4,45,Женщина,"Высшее образование (бакалавриат, специалитет в университете, академии, институте и т.п.)",206284,Interstitial
answer-crg6nhj2lvtvmwvi,78513,3-4,2,1,1,4,4,40,Мужчина,"Высшее образование (магистратура, ординатура)",186281,Interstitial
answer-crg6nhj2lvtvmyoi,31483,3-4,1,1,1,7,7,38,Женщина,"Высшее образование (бакалавриат, специалитет в университете, академии, институте и т.п.)",167877,Interstitial
answer-crg6nhj2lvtvmzr8,19651,2-3,1,1,1,7,5,36,Женщина,"Высшее образование (бакалавриат, специалитет в университете, академии, институте и т.п.)",103394,Interstitial
answer-2l2u2lvtvn323,109022,3-4,1,1,1,6,3,26,Мужчина,"Высшее образование (магистратура, ординатура)",267868,Interstitial
answer-2l2u2lvtvn3je,26583,3-4,1,1,1,7,7,39,Женщина,"Высшее образование (бакалавриат, специалитет в университете, академии, институте и т.п.)",87525,Interstitial
answer-crg6nhj2lvtvn6x4,18457,3-4,2,1,4,7,6,36,Мужчина,"Высшее образование (бакалавриат, специалитет в университете, академии, институте и т.п.)",122597,Interstitial
answer-2l2u2lvtvn7t9,18648,3-4,1,1,1,7,5,49,Женщина,"Высшее образование (магистратура, ординатура)",77159,Interstitial
answer-crg6nhj2lvtvna4i,15106,2-3,1,1,4,7,7,38,Мужчина,Основное общее или среднее общее (школьное) образование,108611,Interstitial
answer-crg6nhj2lvtvnam8,55676,3-4,2,1,4,6,6,36,Мужчина,"Высшее образование (бакалавриат, специалитет в университете, академии, институте и т.п.)",157587,Interstitial
answer-2l2u2lvtvnd4j,6529,3-4,7,7,7,7,7,25,Мужчина,"Высшее образование (магистратура, ординатура)",49134,Interstitial
answer-2l2u2lvtvnh6f,21607,3-4,2,1,2,3,2,40,Женщина,"Высшее образование (магистратура, ординатура)",99762,Interstitial
answer-crg6nhj2lvtvnj0b,65987,3-4,1,1,1,5,5,34,Женщина,"Высшее образование (бакалавриат, специалитет в университете, академии, институте и т.п.)",176821,Interstitial
answer-crg6nhj2lvtvo3tq,9330,3-4,1,1,1,7,6,28,Мужчина,"Среднее профессиональное образование (техникум, колледж, училище и т.п.)",148723,Interstitial
answer-2l2u2lvtvo5b2,21507,3-4,1,1,1,7,7,28,Мужчина,"Высшее образование (бакалавриат, специалитет в университете, академии, институте и т.п.)",107094,Interstitial
answer-2l2u2lvtvo9nt,27476,3-4,1,1,1,7,7,45,Мужчина,"Высшее образование (бакалавриат, специалитет в университете, академии, институте и т.п.)",107810,Interstitial
answer-crg6nhj2lvtvoj9o,23523,3-4,1,7,7,7,7,32,Мужчина,"Высшее образование (бакалавриат, специалитет в университете, академии, институте и т.п.)",106650,Interstitial
answer-crg6nhj2lvtvpkwy,6802,3-4,5,6,5,5,6,40,Мужчина,Основное общее или среднее общее (школьное) образование,81052,Interstitial
answer-2l2u2lvtvpwas,71866,3-4,1,1,1,7,7,35,Мужчина,"Высшее образование (бакалавриат, специалитет в университете, академии, институте и т.п.)",319376,Interstitial
answer-crg6nhj2lvtvq7h8,29366,3-4,2,1,3,7,6,30,Женщина,"Высшее образование (бакалавриат, специалитет в университете, академии, институте и т.п.)",133040,Interstitial
answer-2l2u2lvtvqw04,33954,3-4,1,1,1,2,1,25,Мужчина,"Высшее образование (бакалавриат, специалитет в университете, академии, институте и т.п.)",-394450,Interstitial
answer-crg6nhj2lvtvr1te,3508,3-4,1,1,1,7,7,37,Мужчина,"Высшее образование (бакалавриат, специалитет в университете, академии, институте и т.п.)",69388,Interstitial
answer-crg6nhj2lvtvrgyx,10503,3-4,4,4,1,4,5,38,Женщина,"Высшее образование (бакалавриат, специалитет в университете, академии, институте и т.п.)",79002,Interstitial
answer-2l2u2lvtvtxx0,4649,3-4,2,1,1,7,7,37,Мужчина,"Среднее профессиональное образование (техникум, колледж, училище и т.п.)",119177,Interstitial
answer-crg6nhj2lvtvzyvx,18457,3-4,1,1,1,1,1,49,Мужчина,"Высшее образование (бакалавриат, специалитет в университете, академии, институте и т.п.)",23189,Interstitial
answer-crg6nhj2lvtw6whb,8567,3-4,4,4,1,5,6,41,Женщина,"Высшее образование (бакалавриат, специалитет в университете, академии, институте и т.п.)",64744,Interstitial
answer-crg6nhj2lvtwfjm2,6374,3-4,3,3,2,2,2,22,Женщина,"Высшее образование (магистратура, ординатура)",49302,Interstitial
answer-2l2u2lvtwfp7y,7671,3-4,6,4,5,4,5,37,Женщина,"Высшее образование (магистратура, ординатура)",50192,Interstitial
answer-crg6nhj2lvtwfpp0,11288,3-4,1,7,1,6,1,41,Мужчина,"Среднее профессиональное образование (техникум, колледж, училище и т.п.)",181141,Interstitial
answer-2l2u2lvtwfq2v,8047,3-4,1,1,1,7,4,40,Мужчина,"Высшее образование (бакалавриат, специалитет в университете, академии, институте и т.п.)",97965,Interstitial
answer-2l2u2lvtwfqmh,61150,3-4,1,1,3,7,6,40,Женщина,"Среднее профессиональное образование (техникум, колледж, училище и т.п.)",221353,Interstitial
answer-2l2u2lvtwfrmb,25813,3-4,2,2,2,5,5,41,Женщина,"Высшее образование (бакалавриат, специалитет в университете, академии, институте и т.п.)",285305,Interstitial
answer-crg6nhj2lvtwi36x,30519,1-2,1,1,1,1,1,38,Женщина,"Высшее образование (бакалавриат, специалитет в университете, академии, институте и т.п.)",116704,Interstitial
answer-crg6nhj2lvtwlb0m,57374,1-2,1,1,1,7,3,30,Мужчина,"Среднее профессиональное образование (техникум, колледж, училище и т.п.)",7348430,Interstitial
answer-crg6nhj2lvtwn4ha,21684,3-4,1,1,1,7,7,44,Женщина,"Высшее образование (бакалавриат, специалитет в университете, академии, институте и т.п.)",65456,Interstitial
answer-2l2u2lvtpaqme,13445,3-4,1,1,2,5,6,23,Мужчина,"Высшее образование (бакалавриат, специалитет в университете, академии, институте и т.п.)",86722,Contextual
answer-crg6nhj2lvtws1kc,7000,3-4,2,1,1,5,6,37,Женщина,"Высшее образование (бакалавриат, специалитет в университете, академии, институте и т.п.)",52344,Contextual
answer-crg6nhj2lvtws409,35878,3-4,1,1,2,5,6,34,Мужчина,"Высшее образование (бакалавриат, специалитет в университете, академии, институте и т.п.)",124581,Contextual
answer-crg6nhj2lvtws4vi,13850,2-3,2,1,4,6,5,20,Мужчина,Основное общее или среднее общее (школьное) образование,92780,Contextual
answer-2l2u2lvtws71u,70445,3-4,1,1,2,6,7,39,Мужчина,"Среднее профессиональное образование (техникум, колледж, училище и т.п.)",292064,Contextual
answer-2l2u2lvtws8e7,14332,3-4,3,2,2,2,4,33,Женщина,"Высшее образование (магистратура, ординатура)",127758,Contextual
answer-2l2u2lvtws910,23436,3-4,2,2,3,2,2,25,Мужчина,"Высшее образование (бакалавриат, специалитет в университете, академии, институте и т.п.)",170576,Contextual
answer-crg6nhj2lvtws9bx,17036,3-4,1,1,1,7,7,41,Женщина,"Высшее образование (бакалавриат, специалитет в университете, академии, институте и т.п.)",71410,Contextual
answer-crg6nhj2lvtwscht,9484,3-4,1,1,1,1,1,31,Женщина,"Высшее образование (бакалавриат, специалитет в университете, академии, институте и т.п.)",48954,Contextual
answer-2l2u2lvtwscqu,52599,3-4,1,1,1,3,1,36,Женщина,"Высшее образование (бакалавриат, специалитет в университете, академии, институте и т.п.)",146165,Contextual
answer-crg6nhj2lvtwsdzl,31927,3-4,2,2,2,7,7,36,Мужчина,"Среднее профессиональное образование (техникум, колледж, училище и т.п.)",98619,Contextual
answer-crg6nhj2lvtwsjwl,36333,3-4,1,1,1,7,7,21,Женщина,Основное общее или среднее общее (школьное) образование,135580,Contextual
answer-crg6nhj2lvtwskzz,27315,3-4,2,1,5,7,7,44,Женщина,"Среднее профессиональное образование (техникум, колледж, училище и т.п.)",116237,Contextual
answer-2l2u2lvtwsmtt,61200,3-4,4,1,1,7,7,49,Мужчина,"Среднее профессиональное образование (техникум, колледж, училище и т.п.)",135430,Contextual
answer-2l2u2lvtwspgj,11537,3-4,1,1,1,5,5,33,Мужчина,"Высшее образование (магистратура, ординатура)",72710,Contextual
answer-2l2u2lvtwsr4y,20746,3-4,1,1,1,4,4,42,Женщина,"Высшее образование (магистратура, ординатура)",120426,Contextual
answer-crg6nhj2lvtwst9o,39165,3-4,1,1,1,1,1,43,Мужчина,"Среднее профессиональное образование (техникум, колледж, училище и т.п.)",217797,Contextual
answer-2l2u2lvtwsyyq,52217,3-4,2,1,1,6,5,40,Мужчина,"Высшее образование (бакалавриат, специалитет в университете, академии, институте и т.п.)",291100,Contextual
answer-crg6nhj2lvtwt0ah,9669,3-4,1,1,1,7,7,37,Мужчина,"Высшее образование (бакалавриат, специалитет в университете, академии, институте и т.п.)",7140107,Contextual
answer-2l2u2lvtwt0jf,104251,3-4,1,1,1,7,2,34,Мужчина,"Среднее профессиональное образование (техникум, колледж, училище и т.п.)",364774,Contextual
answer-2l2u2lvtwt3mi,38927,3-4,1,1,1,7,7,42,Женщина,Основное общее или среднее общее (школьное) образование,107214,Contextual
answer-crg6nhj2lvtwt83f,49489,3-4,3,3,5,3,3,49,Женщина,"Среднее профессиональное образование (техникум, колледж, училище и т.п.)",130713,Contextual
answer-crg6nhj2lvtwt87i,17398,3-4,1,1,1,7,7,46,Мужчина,"Высшее образование (бакалавриат, специалитет в университете, академии, институте и т.п.)",103164,Contextual
answer-2l2u2lvtwtcqb,33060,3-4,5,4,4,4,2,43,Мужчина,"Высшее образование (магистратура, ординатура)",97579,Contextual
answer-2l2u2lvtwtgf0,87449,3-4,1,1,1,7,7,42,Женщина,"Высшее образование (бакалавриат, специалитет в университете, академии, институте и т.п.)",321595,Contextual
answer-2l2u2lvtwthel,43571,3-4,2,1,5,6,6,35,Мужчина,"Высшее образование (бакалавриат, специалитет в университете, академии, институте и т.п.)",110960,Contextual
answer-crg6nhj2lvtwthfe,13627,1-2,3,1,1,2,1,40,Женщина,"Высшее образование (бакалавриат, специалитет в университете, академии, институте и т.п.)",107402,Contextual
answer-2l2u2lvtwtikl,18909,2-3,4,2,2,7,5,33,Женщина,"Среднее профессиональное образование (техникум, колледж, училище и т.п.)",-464524,Contextual
answer-crg6nhj2lvtwtk4f,50443,3-4,5,1,1,5,5,45,Женщина,"Высшее образование (бакалавриат, специалитет в университете, академии, институте и т.п.)",434380,Contextual
answer-2l2u2lvtwtnkr,30749,3-4,6,2,3,7,1,35,Женщина,"Среднее профессиональное образование (техникум, колледж, училище и т.п.)",139920,Contextual
answer-2l2u2lvtwtoca,29344,3-4,1,1,2,6,6,44,Женщина,"Высшее образование (бакалавриат, специалитет в университете, академии, институте и т.п.)",121401,Contextual
answer-2l2u2lvtwtolu,27002,3-4,3,2,3,2,4,19,Женщина,Основное общее или среднее общее (школьное) образование,237873,Contextual
answer-2l2u2lvtwtpxx,64662,3-4,1,1,1,4,2,40,Мужчина,"Среднее профессиональное образование (техникум, колледж, училище и т.п.)",188769,Contextual
answer-crg6nhj2lvtwtrzh,74503,3-4,4,3,2,5,7,30,Мужчина,"Высшее образование (бакалавриат, специалитет в университете, академии, институте и т.п.)",140449,Contextual
answer-2l2u2lvtwtsl6,41642,2-3,6,5,7,3,4,43,Женщина,"Среднее профессиональное образование (техникум, колледж, училище и т.п.)",271318,Contextual
answer-2l2u2lvtwtzax,18857,3-4,4,1,1,3,7,34,Женщина,"Среднее профессиональное образование (техникум, колледж, училище и т.п.)",96329,Contextual
answer-2l2u2lvtwtzg7,53846,3-4,2,1,5,3,2,38,Мужчина,"Высшее образование (бакалавриат, специалитет в университете, академии, институте и т.п.)",193646,Contextual
answer-crg6nhj2lvtwu3g6,20450,3-4,2,2,2,3,2,46,Женщина,"Высшее образование (бакалавриат, специалитет в университете, академии, институте и т.п.)",133109,Contextual
answer-2l2u2lvtwu5od,26821,3-4,1,1,1,5,4,34,Женщина,"Высшее образование (бакалавриат, специалитет в университете, академии, институте и т.п.)",138870,Contextual
answer-2l2u2lvtwu807,14024,3-4,1,1,1,7,7,47,Женщина,"Высшее образование (бакалавриат, специалитет в университете, академии, институте и т.п.)",97874,Contextual
answer-crg6nhj2lvtwu9px,58165,3-4,6,2,2,6,7,32,Женщина,"Среднее профессиональное образование (техникум, колледж, училище и т.п.)",184160,Contextual
answer-crg6nhj2lvtwuco3,8481,3-4,1,1,4,7,7,26,Мужчина,"Высшее образование (бакалавриат, специалитет в университете, академии, институте и т.п.)",267581,Contextual
answer-crg6nhj2lvtwuczj,55829,3-4,5,5,1,7,7,49,Мужчина,"Высшее образование (бакалавриат, специалитет в университете, академии, институте и т.п.)",232035,Contextual
answer-crg6nhj2lvtwueb5,29657,3-4,1,1,1,4,2,30,Женщина,"Высшее образование (бакалавриат, специалитет в университете, академии, институте и т.п.)",118277,Contextual
answer-crg6nhj2lvtwufyp,23410,3-4,1,1,1,7,7,23,Женщина,"Среднее профессиональное образование (техникум, колледж, училище и т.п.)",118972,Contextual
answer-2l2u2lvtwuhyh,55766,3-4,2,2,4,6,6,46,Мужчина,"Среднее профессиональное образование (техникум, колледж, училище и т.п.)",217212,Contextual
answer-crg6nhj2lvtwuk6e,21200,2-3,3,1,1,4,6,25,Женщина,"Среднее профессиональное образование (техникум, колледж, училище и т.п.)",82014,Contextual
answer-crg6nhj2lvtwuljb,4507,3-4,3,2,1,7,6,26,Мужчина,"Высшее образование (магистратура, ординатура)",70265,Contextual
answer-2l2u2lvtwunjz,9821,3-4,1,1,1,5,3,21,Мужчина,Основное общее или среднее общее (школьное) образование,67115,Contextual
answer-crg6nhj2lvtwuw73,139853,3-4,6,6,6,7,7,19,Женщина,Нет завершенного образования,259348,Contextual
answer-2l2u2lvtwv8fl,49277,3-4,2,1,4,5,5,40,Женщина,"Высшее образование (бакалавриат, специалитет в университете, академии, институте и т.п.)",127539,Contextual
answer-2l2u2lvtwv9jz,9113,2-3,1,1,1,7,7,41,Предпочитаю не говорить,"Высшее образование (бакалавриат, специалитет в университете, академии, институте и т.п.)",112568,Contextual
answer-crg6nhj2lvtwvcz8,120531,3-4,1,1,2,4,6,30,Мужчина,Ученая степень кандидата / доктора наук,344057,Contextual
answer-2l2u2lvtwvdig,26066,3-4,5,4,2,2,4,44,Мужчина,"Среднее профессиональное образование (техникум, колледж, училище и т.п.)",172413,Contextual
answer-crg6nhj2lvtwvi39,26895,2-3,7,1,1,4,4,33,Женщина,"Высшее образование (бакалавриат, специалитет в университете, академии, институте и т.п.)",191667,Contextual
answer-2l2u2lvtwvtvq,104162,3-4,1,1,1,1,1,42,Женщина,"Среднее профессиональное образование (техникум, колледж, училище и т.п.)",206344,Contextual
answer-2l2u2lvtwvxrw,42524,3-4,7,7,5,1,4,43,Женщина,"Высшее образование (магистратура, ординатура)",134396,Contextual
answer-2l2u2lvtww0g3,43423,2-3,1,1,1,5,6,45,Мужчина,"Среднее профессиональное образование (техникум, колледж, училище и т.п.)",118392,Contextual
answer-2l2u2lvtww8ws,46600,3-4,1,1,4,4,7,40,Мужчина,"Среднее профессиональное образование (техникум, колледж, училище и т.п.)",175896,Contextual
answer-crg6nhj2lvtww9m2,22251,3-4,5,2,6,5,5,29,Мужчина,"Высшее образование (бакалавриат, специалитет в университете, академии, институте и т.п.)",221219,Contextual
answer-2l2u2lvtwwlaa,42361,3-4,7,7,4,7,7,47,Женщина,"Среднее профессиональное образование (техникум, колледж, училище и т.п.)",144568,Contextual
answer-crg6nhj2lvtwwo49,22484,3-4,5,6,6,6,2,44,Мужчина,"Высшее образование (бакалавриат, специалитет в университете, академии, институте и т.п.)",114240,Contextual
answer-crg6nhj2lvtwwqlg,20627,3-4,1,1,1,5,5,25,Мужчина,Основное общее или среднее общее (школьное) образование,65360,Contextual
answer-2l2u2lvtwwx4w,107341,3-4,6,6,4,6,6,37,Женщина,"Высшее образование (бакалавриат, специалитет в университете, академии, институте и т.п.)",301934,Contextual
answer-crg6nhj2lvtwx203,31013,3-4,1,1,4,7,7,45,Женщина,"Высшее образование (бакалавриат, специалитет в университете, академии, институте и т.п.)",141659,Contextual
answer-crg6nhj2lvtwx401,20427,3-4,1,1,1,5,7,23,Мужчина,"Высшее образование (бакалавриат, специалитет в университете, академии, институте и т.п.)",77987,Contextual
answer-2l2u2lvtwxe8c,10884,3-4,1,1,5,7,4,36,Женщина,"Высшее образование (бакалавриат, специалитет в университете, академии, институте и т.п.)",153672,Contextual
answer-2l2u2lvtwxu1f,6821,3-4,1,1,3,6,6,48,Мужчина,"Среднее профессиональное образование (техникум, колледж, училище и т.п.)",75846,Contextual
answer-crg6nhj2lvtwxx44,71847,3-4,4,3,1,2,7,33,Мужчина,"Высшее образование (бакалавриат, специалитет в университете, академии, институте и т.п.)",166482,Contextual
answer-2l2u2lvtwyhtr,14765,3-4,1,1,1,1,1,36,Женщина,"Высшее образование (бакалавриат, специалитет в университете, академии, институте и т.п.)",125435,Contextual
answer-crg6nhj2lvtx5chc,19752,3-4,1,1,1,6,6,43,Женщина,"Высшее образование (бакалавриат, специалитет в университете, академии, институте и т.п.)",79072,Debunking
answer-crg6nhj2lvtx5err,43061,3-4,1,1,5,7,7,37,Мужчина,"Высшее образование (бакалавриат, специалитет в университете, академии, институте и т.п.)",154908,Debunking
answer-2l2u2lvtx5kl7,22266,3-4,1,1,2,6,7,29,Мужчина,Основное общее или среднее общее (школьное) образование,-31307,Debunking
answer-crg6nhj2lvtx5kmg,29275,3-4,1,1,1,7,7,40,Женщина,"Высшее образование (бакалавриат, специалитет в университете, академии, институте и т.п.)",-28982,Debunking
answer-2l2u2lvtx5l5r,53428,3-4,1,1,1,3,3,36,Женщина,"Среднее профессиональное образование (техникум, колледж, училище и т.п.)",186240,Debunking
answer-crg6nhj2lvtx5ld1,71105,2-3,4,1,1,3,1,48,Женщина,"Среднее профессиональное образование (техникум, колледж, училище и т.п.)",190554,Debunking
answer-2l2u2lvtx5mgi,62437,3-4,1,1,1,7,7,36,Женщина,"Среднее профессиональное образование (техникум, колледж, училище и т.п.)",220443,Debunking
answer-2l2u2lvtx5vde,41863,3-4,1,1,1,7,7,44,Мужчина,"Высшее образование (бакалавриат, специалитет в университете, академии, институте и т.п.)",129417,Debunking
answer-2l2u2lvtx5xbp,38332,3-4,1,1,1,7,7,46,Женщина,"Высшее образование (бакалавриат, специалитет в университете, академии, институте и т.п.)",196526,Debunking
answer-2l2u2lvtx61ri,51054,3-4,3,2,7,6,3,46,Мужчина,"Среднее профессиональное образование (техникум, колледж, училище и т.п.)",211021,Debunking
answer-crg6nhj2lvtx621r,122681,3-4,1,1,4,7,7,45,Женщина,"Высшее образование (бакалавриат, специалитет в университете, академии, институте и т.п.)",347995,Debunking
answer-2l2u2lvtx6c0z,18694,3-4,1,1,1,6,7,30,Мужчина,Основное общее или среднее общее (школьное) образование,76208,Debunking
answer-2l2u2lvtx6ekb,27755,3-4,4,1,3,5,1,32,Женщина,"Среднее профессиональное образование (техникум, колледж, училище и т.п.)",91163,Debunking
answer-crg6nhj2lvtx6gdb,120243,3-4,1,1,2,6,4,33,Женщина,"Высшее образование (бакалавриат, специалитет в университете, академии, институте и т.п.)",223600,Debunking
answer-2l2u2lvtx6n9j,15055,3-4,2,2,2,4,2,27,Мужчина,Основное общее или среднее общее (школьное) образование,69863,Debunking
answer-crg6nhj2lvtx6png,39389,3-4,5,4,6,5,6,33,Женщина,"Среднее профессиональное образование (техникум, колледж, училище и т.п.)",184806,Debunking
answer-crg6nhj2lvtx6td7,28547,3-4,1,1,1,7,7,25,Мужчина,Основное общее или среднее общее (школьное) образование,219539,Debunking
answer-2l2u2lvtx6ztt,44884,3-4,6,6,1,4,1,35,Мужчина,"Высшее образование (бакалавриат, специалитет в университете, академии, институте и т.п.)",172973,Debunking
answer-2l2u2lvtx71kk,108536,3-4,3,3,1,5,6,41,Женщина,"Высшее образование (бакалавриат, специалитет в университете, академии, институте и т.п.)",268708,Debunking
answer-crg6nhj2lvtx7mgc,23712,3-4,4,3,3,4,5,24,Мужчина,"Среднее профессиональное образование (техникум, колледж, училище и т.п.)",102887,Debunking
answer-2l2u2lvtx7tvi,27971,3-4,1,1,1,7,7,30,Мужчина,"Среднее профессиональное образование (техникум, колледж, училище и т.п.)",146314,Debunking
answer-crg6nhj2lvtx7uj0,13611,3-4,1,1,1,7,7,39,Женщина,"Высшее образование (бакалавриат, специалитет в университете, академии, институте и т.п.)",110909,Debunking
answer-2l2u2lvtx80wo,19846,3-4,2,1,1,5,4,35,Женщина,"Высшее образование (магистратура, ординатура)",89899,Debunking
answer-crg6nhj2lvtx82c2,58564,3-4,1,1,1,4,1,48,Мужчина,"Высшее образование (магистратура, ординатура)",217241,Debunking
answer-crg6nhj2lvtx8co9,9676,3-4,1,1,1,7,7,35,Мужчина,"Среднее профессиональное образование (техникум, колледж, училище и т.п.)",62531,Debunking
answer-2l2u2lvtx8hjg,31880,3-4,1,1,1,5,4,25,Женщина,"Среднее профессиональное образование (техникум, колледж, училище и т.п.)",111174,Debunking
answer-crg6nhj2lvtx8nzw,30265,3-4,7,4,1,4,4,30,Мужчина,"Высшее образование (бакалавриат, специалитет в университете, академии, институте и т.п.)",139905,Debunking
answer-2l2u2lvtx90z3,20187,3-4,7,3,1,5,7,37,Женщина,"Высшее образование (бакалавриат, специалитет в университете, академии, институте и т.п.)",78125,Debunking
answer-crg6nhj2lvtx91re,22658,3-4,1,1,1,5,7,21,Мужчина,Основное общее или среднее общее (школьное) образование,118322,Debunking
answer-crg6nhj2lvtx9d06,17669,3-4,2,1,1,4,4,22,Мужчина,Основное общее или среднее общее (школьное) образование,82103,Debunking
answer-2l2u2lvtx9zab,36376,3-4,1,1,3,4,2,40,Женщина,"Высшее образование (бакалавриат, специалитет в университете, академии, институте и т.п.)",104090,Debunking
answer-2l2u2lvtxaplf,65069,3-4,1,1,2,7,4,34,Мужчина,"Высшее образование (магистратура, ординатура)",235837,Debunking
answer-2l2u2lvtxaugl,17476,1-2,1,1,1,7,7,27,Мужчина,"Высшее образование (бакалавриат, специалитет в университете, академии, институте и т.п.)",79129,Debunking
answer-crg6nhj2lvtxb0ot,23723,2-3,6,6,5,6,6,28,Мужчина,"Среднее профессиональное образование (техникум, колледж, училище и т.п.)",66392,Debunking
answer-crg6nhj2lvtxb5qz,90196,3-4,1,1,1,6,6,23,Женщина,"Высшее образование (бакалавриат, специалитет в университете, академии, институте и т.п.)",221486,Debunking
answer-crg6nhj2lvtxb7t0,27854,3-4,6,6,2,2,3,41,Мужчина,"Высшее образование (бакалавриат, специалитет в университете, академии, институте и т.п.)",73822,Debunking
answer-2l2u2lvtxb82l,6011,3-4,1,1,1,5,7,29,Мужчина,Основное общее или среднее общее (школьное) образование,127172,Debunking
answer-crg6nhj2lvtxbg8h,31101,3-4,5,3,4,3,2,44,Мужчина,"Высшее образование (бакалавриат, специалитет в университете, академии, институте и т.п.)",183246,Debunking
answer-crg6nhj2lvtxcils,27640,3-4,6,4,4,7,6,48,Женщина,"Высшее образование (магистратура, ординатура)",140171,Debunking
answer-crg6nhj2lvtxd5nj,72254,3-4,1,1,1,5,4,44,Женщина,"Высшее образование (магистратура, ординатура)",178482,Debunking
answer-2l2u2lvtxd9a4,47438,3-4,1,1,1,5,5,21,Мужчина,Основное общее или среднее общее (школьное) образование,140883,Debunking
answer-crg6nhj2lvtxdpax,63715,3-4,1,1,3,7,6,42,Мужчина,"Высшее образование (бакалавриат, специалитет в университете, академии, институте и т.п.)",163683,Debunking
answer-2l2u2lvtxe2zv,25662,2-3,4,1,1,5,4,33,Мужчина,"Среднее профессиональное образование (техникум, колледж, училище и т.п.)",110145,Debunking
answer-crg6nhj2lvtxe5mz,39992,3-4,2,1,1,3,3,37,Женщина,"Высшее образование (магистратура, ординатура)",227750,Debunking
answer-2l2u2lvtxek33,57811,3-4,5,4,4,5,5,20,Мужчина,"Среднее профессиональное образование (техникум, колледж, училище и т.п.)",155979,Debunking
answer-2l2u2lvtxerg0,140770,3-4,2,2,2,3,3,21,Женщина,Основное общее или среднее общее (школьное) образование,468354,Debunking
answer-2l2u2lvtxev10,58459,3-4,1,1,3,7,7,35,Женщина,"Высшее образование (бакалавриат, специалитет в университете, академии, институте и т.п.)",179122,Debunking
answer-crg6nhj2lvtxevqc,93422,2-3,2,1,4,6,6,40,Мужчина,"Высшее образование (бакалавриат, специалитет в университете, академии, институте и т.п.)",314413,Debunking
answer-crg6nhj2lvtxf5jd,21624,3-4,6,4,4,4,2,43,Мужчина,"Высшее образование (бакалавриат, специалитет в университете, академии, институте и т.п.)",110064,Debunking
answer-crg6nhj2lvtxf5le,6970,3-4,1,1,1,6,5,30,Женщина,"Высшее образование (бакалавриат, специалитет в университете, академии, институте и т.п.)",67657,Debunking
answer-crg6nhj2lvtxfv0y,141445,3-4,7,7,7,1,1,49,Мужчина,"Среднее профессиональное образование (техникум, колледж, училище и т.п.)",293918,Debunking
answer-2l2u2lvtxg3ma,38525,3-4,2,2,2,2,2,42,Мужчина,"Высшее образование (бакалавриат, специалитет в университете, академии, институте и т.п.)",191237,Debunking
answer-crg6nhj2lvtxgjeq,81135,3-4,4,3,2,5,6,41,Женщина,"Высшее образование (магистратура, ординатура)",193148,Debunking
answer-2l2u2lvtxgm60,47729,3-4,4,4,1,7,7,37,Предпочитаю не говорить,"Высшее образование (бакалавриат, специалитет в университете, академии, институте и т.п.)",178051,Debunking
answer-2l2u2lvtxh0px,41227,3-4,1,1,1,6,6,36,Мужчина,"Среднее профессиональное образование (техникум, колледж, училище и т.п.)",114580,Debunking
answer-2l2u2lvtxhbpk,49056,3-4,1,1,1,1,1,32,Мужчина,"Высшее образование (магистратура, ординатура)",110470,Debunking
answer-crg6nhj2lvtxhch0,86643,3-4,1,1,1,6,5,36,Мужчина,Основное общее или среднее общее (школьное) образование,176242,Debunking
answer-crg6nhj2lvtxhnj4,25361,3-4,3,2,1,4,5,35,Мужчина,"Среднее профессиональное образование (техникум, колледж, училище и т.п.)",131444,Debunking
answer-crg6nhj2lvtxi0bc,56398,3-4,1,1,1,7,6,40,Женщина,"Высшее образование (бакалавриат, специалитет в университете, академии, институте и т.п.)",155379,Debunking
answer-2l2u2lvtxi3v0,32211,2-3,5,2,6,5,4,42,Женщина,"Среднее профессиональное образование (техникум, колледж, училище и т.п.)",135379,Debunking
answer-crg6nhj2lvtxi7el,40765,3-4,3,1,1,6,2,47,Мужчина,"Высшее образование (бакалавриат, специалитет в университете, академии, институте и т.п.)",166030,Debunking
answer-2l2u2lvtxiekx,35026,3-4,7,4,6,7,7,29,Женщина,"Среднее профессиональное образование (техникум, колледж, училище и т.п.)",168332,Debunking
answer-2l2u2lvtxivq3,20820,3-4,7,7,6,6,6,43,Мужчина,Основное общее или среднее общее (школьное) образование,100937,Debunking
answer-crg6nhj2lvtxj3q1,46764,3-4,1,1,5,7,6,37,Мужчина,Основное общее или среднее общее (школьное) образование,223553,Debunking
answer-2l2u2lvtxj646,8224,3-4,1,1,1,1,2,37,Женщина,"Высшее образование (магистратура, ординатура)",54300,Debunking
answer-2l2u2lvtxja9s,41000,3-4,4,4,5,5,4,43,Женщина,"Среднее профессиональное образование (техникум, колледж, училище и т.п.)",-6597,Debunking
answer-crg6nhj2lvtxjdfc,9547,3-4,4,3,1,2,1,41,Женщина,"Среднее профессиональное образование (техникум, колледж, училище и т.п.)",112988,Debunking
answer-2l2u2lvtxjgq7,64008,3-4,1,1,4,7,7,31,Мужчина,"Высшее образование (бакалавриат, специалитет в университете, академии, институте и т.п.)",331518,Debunking
answer-2l2u2lvtxpw93,23946,3-4,1,1,1,6,5,34,Женщина,"Высшее образование (бакалавриат, специалитет в университете, академии, институте и т.п.)",74952,Debunking
answer-2l2u2lvty34jl,34876,3-4,1,1,4,7,7,36,Женщина,"Среднее профессиональное образование (техникум, колледж, училище и т.п.)",185208,Debunking
answer-crg6nhj2lvtvjki1,51178,3-4,1,1,1,7,5,49,Женщина,"Высшее образование (магистратура, ординатура)",154610,Universal
answer-2l2u2lvtvjl2m,31133,3-4,4,1,5,7,4,37,Мужчина,"Среднее профессиональное образование (техникум, колледж, училище и т.п.)",122057,Universal
answer-crg6nhj2lvtvjlgv,18633,3-4,3,1,1,4,6,36,Мужчина,"Высшее образование (магистратура, ординатура)",88094,Universal
answer-crg6nhj2lvtvjnrs,84034,3-4,1,1,1,4,4,25,Мужчина,Основное общее или среднее общее (школьное) образование,254825,Universal
answer-2l2u2lvtvjpcn,17684,3-4,4,4,4,7,7,37,Женщина,"Высшее образование (бакалавриат, специалитет в университете, академии, институте и т.п.)",111913,Universal
answer-2l2u2lvtvjpdw,33137,3-4,1,1,1,7,4,41,Женщина,"Высшее образование (бакалавриат, специалитет в университете, академии, институте и т.п.)",176617,Universal
answer-crg6nhj2lvtvjpom,48133,3-4,1,1,1,7,7,39,Женщина,"Высшее образование (бакалавриат, специалитет в университете, академии, институте и т.п.)",146657,Universal
answer-2l2u2lvtvjq66,22835,3-4,1,1,1,6,7,46,Мужчина,"Высшее образование (бакалавриат, специалитет в университете, академии, институте и т.п.)",164350,Universal
answer-2l2u2lvtvjqnl,16508,3-4,1,1,1,7,7,30,Женщина,"Высшее образование (магистратура, ординатура)",121438,Universal
answer-2l2u2lvtvjr0o,69425,3-4,1,1,1,7,7,44,Мужчина,"Высшее образование (бакалавриат, специалитет в университете, академии, институте и т.п.)",405819,Universal
answer-crg6nhj2lvtvjr2w,58715,3-4,2,2,2,5,5,41,Женщина,"Высшее образование (бакалавриат, специалитет в университете, академии, институте и т.п.)",343439,Universal
answer-crg6nhj2lvtvjrc3,27761,3-4,1,1,1,7,5,36,Женщина,"Высшее образование (бакалавриат, специалитет в университете, академии, институте и т.п.)",134244,Universal
answer-crg6nhj2lvtvjrop,64321,3-4,2,1,3,5,3,41,Женщина,"Высшее образование (магистратура, ординатура)",177555,Universal
answer-crg6nhj2lvtvjshp,53640,3-4,6,5,4,6,7,48,Женщина,"Высшее образование (магистратура, ординатура)",192893,Universal
answer-2l2u2lvtvjsro,212607,3-4,2,3,2,7,7,39,Мужчина,"Среднее профессиональное образование (техникум, колледж, училище и т.п.)",382419,Universal
answer-2l2u2lvtvjtmz,70746,3-4,1,1,1,7,7,41,Женщина,"Высшее образование (бакалавриат, специалитет в университете, академии, институте и т.п.)",296586,Universal
answer-2l2u2lvtvjvm4,39378,3-4,1,1,1,1,4,40,Женщина,"Высшее образование (бакалавриат, специалитет в университете, академии, институте и т.п.)",102127,Universal
answer-crg6nhj2lvtvjwag,183405,3-4,1,1,2,4,1,40,Мужчина,"Среднее профессиональное образование (техникум, колледж, училище и т.п.)",434941,Universal
answer-crg6nhj2lvtvjwvi,16840,3-4,1,1,4,6,6,49,Мужчина,"Высшее образование (бакалавриат, специалитет в университете, академии, институте и т.п.)",31337,Universal
answer-2l2u2lvtvjwwp,42174,3-4,7,7,7,7,7,27,Женщина,"Среднее профессиональное образование (техникум, колледж, училище и т.п.)",103815,Universal
answer-2l2u2lvtvjxgd,21691,3-4,1,1,1,7,7,38,Женщина,"Высшее образование (бакалавриат, специалитет в университете, академии, институте и т.п.)",126917,Universal
answer-crg6nhj2lvtvjxmi,77290,3-4,2,2,4,2,2,25,Мужчина,"Высшее образование (бакалавриат, специалитет в университете, академии, институте и т.п.)",233224,Universal
answer-crg6nhj2lvtvjxpm,70250,3-4,1,1,1,6,7,45,Мужчина,"Высшее образование (бакалавриат, специалитет в университете, академии, институте и т.п.)",208405,Universal
answer-crg6nhj2lvtvjycd,96619,3-4,7,2,1,7,7,36,Мужчина,"Среднее профессиональное образование (техникум, колледж, училище и т.п.)",357790,Universal
answer-crg6nhj2lvtvjznw,21006,3-4,7,7,7,7,7,18,Мужчина,"Среднее профессиональное образование (техникум, колледж, училище и т.п.)",74001,Universal
answer-crg6nhj2lvtvk0q7,26342,2-3,1,1,1,1,5,35,Мужчина,"Среднее профессиональное образование (техникум, колледж, училище и т.п.)",76651,Universal
answer-crg6nhj2lvtvk27p,45880,3-4,1,1,1,7,7,34,Женщина,"Высшее образование (бакалавриат, специалитет в университете, академии, институте и т.п.)",173159,Universal
answer-2l2u2lvtvk2n0,8685,3-4,2,1,1,7,6,43,Мужчина,"Высшее образование (бакалавриат, специалитет в университете, академии, институте и т.п.)",104887,Universal
answer-2l2u2lvtvk53p,98624,3-4,3,1,1,6,7,48,Женщина,"Высшее образование (магистратура, ординатура)",244717,Universal
answer-2l2u2lvtvk5fi,25877,3-4,1,1,1,6,6,43,Женщина,"Высшее образование (бакалавриат, специалитет в университете, академии, институте и т.п.)",146469,Universal
answer-crg6nhj2lvtvk7dc,39612,3-4,1,1,1,1,1,30,Мужчина,"Высшее образование (бакалавриат, специалитет в университете, академии, институте и т.п.)",95538,Universal
answer-crg6nhj2lvtvkaqa,38554,2-3,2,1,4,7,6,36,Мужчина,"Высшее образование (бакалавриат, специалитет в университете, академии, институте и т.п.)",167073,Universal
answer-2l2u2lvtvkazq,53308,2-3,1,1,1,7,7,40,Женщина,"Высшее образование (бакалавриат, специалитет в университете, академии, институте и т.п.)",8993,Universal
answer-2l2u2lvtvkc49,20950,3-4,1,1,1,1,1,49,Мужчина,"Высшее образование (магистратура, ординатура)",52529,Universal
answer-crg6nhj2lvtvkcfw,40915,2-3,1,1,4,6,5,48,Женщина,"Высшее образование (бакалавриат, специалитет в университете, академии, институте и т.п.)",187755,Universal
answer-2l2u2lvtvkcp5,50804,3-4,3,3,6,5,2,49,Женщина,"Среднее профессиональное образование (техникум, колледж, училище и т.п.)",155636,Universal
answer-2l2u2lvtvkd4b,14390,3-4,4,6,4,5,6,37,Мужчина,"Среднее профессиональное образование (техникум, колледж, училище и т.п.)",99644,Universal
answer-2l2u2lvtvkdxy,37620,3-4,1,1,2,7,5,19,Женщина,Основное общее или среднее общее (школьное) образование,286466,Universal
answer-crg6nhj2lvtvkeuk,26012,3-4,6,5,5,6,5,40,Мужчина,Основное общее или среднее общее (школьное) образование,85090,Universal
answer-2l2u2lvtvkg3d,38139,3-4,4,1,2,3,2,40,Женщина,"Высшее образование (магистратура, ординатура)",121347,Universal
answer-2l2u2lvtvkgaj,53450,3-4,1,1,1,6,1,40,Женщина,"Среднее профессиональное образование (техникум, колледж, училище и т.п.)",128776,Universal
answer-2l2u2lvtvkh7y,26204,3-4,1,5,1,7,1,41,Мужчина,"Среднее профессиональное образование (техникум, колледж, училище и т.п.)",180437,Universal
answer-crg6nhj2lvtvkhkb,32638,3-4,4,1,3,2,3,45,Женщина,"Высшее образование (магистратура, ординатура)",122312,Universal
answer-crg6nhj2lvtvkixt,10621,3-4,2,1,1,6,7,21,Мужчина,"Среднее профессиональное образование (техникум, колледж, училище и т.п.)",94713,Universal
answer-2l2u2lvtvkm2g,105555,3-4,1,1,1,7,7,45,Мужчина,"Высшее образование (бакалавриат, специалитет в университете, академии, институте и т.п.)",288689,Universal
answer-2l2u2lvtvkmwx,47431,3-4,5,2,4,7,7,35,Женщина,"Среднее профессиональное образование (техникум, колледж, училище и т.п.)",190604,Universal
answer-2l2u2lvtvkok2,54879,3-4,1,1,1,4,7,47,Мужчина,"Высшее образование (бакалавриат, специалитет в университете, академии, институте и т.п.)",149125,Universal
answer-2l2u2lvtvku9f,48022,3-4,4,1,2,5,2,27,Мужчина,Основное общее или среднее общее (школьное) образование,122648,Universal
answer-crg6nhj2lvtvkv33,55283,3-4,7,1,1,1,1,25,Мужчина,"Высшее образование (магистратура, ординатура)",109450,Universal
answer-crg6nhj2lvtvl74u,28538,2-3,2,2,2,6,6,35,Мужчина,"Высшее образование (бакалавриат, специалитет в университете, академии, институте и т.п.)",106167,Universal
answer-crg6nhj2lvtvlfra,24890,3-4,1,1,1,4,1,42,Женщина,"Высшее образование (бакалавриат, специалитет в университете, академии, институте и т.п.)",89714,Universal
answer-2l2u2lvtvlfvg,4212,3-4,4,4,4,4,5,40,Женщина,Ученая степень кандидата / доктора наук,156592,Universal
answer-2l2u2lvtvllxq,38647,3-4,1,1,1,7,7,32,Женщина,"Среднее профессиональное образование (техникум, колледж, училище и т.п.)",124410,Universal
answer-2l2u2lvtvlmha,22988,3-4,1,1,2,6,5,48,Женщина,"Высшее образование (магистратура, ординатура)",91761,Universal
answer-crg6nhj2lvtvly6s,24100,3-4,2,2,2,2,2,31,Женщина,"Высшее образование (бакалавриат, специалитет в университете, академии, институте и т.п.)",109623,Universal
answer-crg6nhj2lvtvlz39,23027,3-4,7,1,1,7,7,41,Женщина,"Высшее образование (магистратура, ординатура)",113032,Universal
answer-2l2u2lvtvm4z4,11953,3-4,1,1,2,6,6,41,Мужчина,"Высшее образование (бакалавриат, специалитет в университете, академии, институте и т.п.)",94163,Universal
answer-crg6nhj2lvtvm8yw,7050,3-4,1,1,1,7,7,37,Мужчина,"Высшее образование (бакалавриат, специалитет в университете, академии, институте и т.п.)",114390,Universal
answer-2l2u2lvtvmcdl,51877,3-4,1,1,1,4,3,36,Женщина,"Высшее образование (магистратура, ординатура)",154829,Universal
answer-crg6nhj2lvtvmi72,6136,3-4,1,1,1,6,6,26,Мужчина,"Высшее образование (бакалавриат, специалитет в университете, академии, институте и т.п.)",49867,Universal
answer-2l2u2lvtvmsp2,32746,3-4,2,1,3,7,6,30,Женщина,"Высшее образование (бакалавриат, специалитет в университете, академии, институте и т.п.)",140248,Universal
answer-crg6nhj2lvtvmto9,25793,3-4,1,1,1,7,4,45,Женщина,"Высшее образование (бакалавриат, специалитет в университете, академии, институте и т.п.)",311119,Universal
answer-2l2u2lvtvn4g2,21850,3-4,2,1,1,4,4,40,Мужчина,"Высшее образование (магистратура, ординатура)",118174,Universal
answer-2l2u2lvtvnhw9,6960,3-4,1,1,5,7,7,40,Женщина,"Высшее образование (бакалавриат, специалитет в университете, академии, институте и т.п.)",41533,Universal
answer-crg6nhj2lvtvnhyn,44089,3-4,4,4,1,3,5,38,Женщина,"Высшее образование (бакалавриат, специалитет в университете, академии, институте и т.п.)",158008,Universal
answer-crg6nhj2lvtvodxv,6858,3-4,1,1,1,7,7,38,Женщина,"Высшее образование (бакалавриат, специалитет в университете, академии, институте и т.п.)",79251,Universal
answer-2l2u2lvtvooys,29224,3-4,1,1,1,5,5,35,Женщина,Основное общее или среднее общее (школьное) образование,159979,Universal
answer-crg6nhj2lvtvp0hc,21109,3-4,1,1,1,7,6,42,Мужчина,"Высшее образование (бакалавриат, специалитет в университете, академии, институте и т.п.)",67603,Universal
answer-crg6nhj2lvtvqdox,8851,2-3,2,2,1,6,7,48,Женщина,Основное общее или среднее общее (школьное) образование,65806,Universal
answer-crg6nhj2lvtvsy9w,20588,2-3,1,1,5,7,7,36,Мужчина,"Высшее образование (бакалавриат, специалитет в университете, академии, институте и т.п.)",118354,Universal
answer-2l2u2lvtw2l7g,4470,2-3,1,1,3,NA,NA,29,Мужчина,Основное общее или среднее общее (школьное) образование,-37478,Control
answer-2l2u2lvtw2phn,61729,3-4,1,1,1,NA,NA,40,Мужчина,"Высшее образование (магистратура, ординатура)",159701,Control
answer-crg6nhj2lvtw2qks,10779,3-4,1,1,5,NA,NA,36,Женщина,"Высшее образование (бакалавриат, специалитет в университете, академии, институте и т.п.)",98517,Control
answer-2l2u2lvtw2x61,42706,3-4,5,1,1,NA,NA,45,Мужчина,"Высшее образование (магистратура, ординатура)",119432,Control
answer-2l2u2lvtw3395,86172,3-4,1,1,1,NA,NA,44,Женщина,"Высшее образование (магистратура, ординатура)",222311,Control
answer-crg6nhj2lvtw36in,18444,3-4,5,5,4,NA,NA,36,Мужчина,"Среднее профессиональное образование (техникум, колледж, училище и т.п.)",62413,Control
answer-crg6nhj2lvtw3852,51147,3-4,4,4,6,NA,NA,49,Мужчина,"Среднее профессиональное образование (техникум, колледж, училище и т.п.)",312570,Control
answer-crg6nhj2lvtw39u4,63678,3-4,5,5,5,NA,NA,43,Мужчина,"Высшее образование (магистратура, ординатура)",156636,Control
answer-2l2u2lvtw3acy,33278,3-4,2,1,1,NA,NA,41,Женщина,"Высшее образование (магистратура, ординатура)",97969,Control
answer-2l2u2lvtw3byh,7832,2-3,1,1,7,NA,NA,35,Женщина,"Высшее образование (бакалавриат, специалитет в университете, академии, институте и т.п.)",-5856,Control
answer-2l2u2lvtw3fr3,40711,2-3,5,2,2,NA,NA,30,Мужчина,"Среднее профессиональное образование (техникум, колледж, училище и т.п.)",7392546,Control
answer-crg6nhj2lvtw3h7w,61642,3-4,1,4,4,NA,NA,26,Мужчина,"Среднее профессиональное образование (техникум, колледж, училище и т.п.)",128292,Control
answer-2l2u2lvtw3iqk,25193,3-4,1,1,5,NA,NA,33,Мужчина,"Высшее образование (бакалавриат, специалитет в университете, академии, институте и т.п.)",140220,Control
answer-2l2u2lvtw3irn,28453,3-4,1,1,1,NA,NA,21,Мужчина,Основное общее или среднее общее (школьное) образование,94097,Control
answer-crg6nhj2lvtw3keh,18635,3-4,1,1,1,NA,NA,37,Женщина,"Высшее образование (магистратура, ординатура)",73640,Control
answer-crg6nhj2lvtw3lof,10410,3-4,1,1,1,NA,NA,33,Мужчина,"Высшее образование (магистратура, ординатура)",77242,Control
answer-2l2u2lvtw3me4,44171,2-3,1,1,1,NA,NA,25,Мужчина,Основное общее или среднее общее (школьное) образование,167864,Control
answer-2l2u2lvtw3o5v,10165,3-4,3,3,3,NA,NA,22,Женщина,"Высшее образование (магистратура, ординатура)",58886,Control
answer-crg6nhj2lvtw3p8p,8920,3-4,2,1,1,NA,NA,47,Мужчина,"Высшее образование (магистратура, ординатура)",55085,Control
answer-2l2u2lvtw3q5c,11833,3-4,1,1,1,NA,NA,29,Женщина,Основное общее или среднее общее (школьное) образование,48597,Control
answer-crg6nhj2lvtw3q70,26819,3-4,1,1,1,NA,NA,40,Женщина,"Высшее образование (бакалавриат, специалитет в университете, академии, институте и т.п.)",100536,Control
answer-2l2u2lvtw3qu3,50896,3-4,5,2,2,NA,NA,46,Женщина,"Высшее образование (бакалавриат, специалитет в университете, академии, институте и т.п.)",123831,Control
answer-crg6nhj2lvtw3qxd,10782,2-3,2,1,3,NA,NA,20,Мужчина,Основное общее или среднее общее (школьное) образование,145056,Control
answer-2l2u2lvtw3udu,18892,3-4,5,5,2,NA,NA,41,Женщина,"Среднее профессиональное образование (техникум, колледж, училище и т.п.)",84011,Control
answer-2l2u2lvtw3xh3,27675,3-4,1,1,1,NA,NA,36,Женщина,"Высшее образование (бакалавриат, специалитет в университете, академии, институте и т.п.)",123795,Control
answer-2l2u2lvtw3z6f,86130,3-4,5,3,6,NA,NA,44,Мужчина,"Высшее образование (бакалавриат, специалитет в университете, академии, институте и т.п.)",208762,Control
answer-crg6nhj2lvtw40lc,12495,3-4,1,1,4,NA,NA,45,Мужчина,"Высшее образование (бакалавриат, специалитет в университете, академии, институте и т.п.)",62710,Control
answer-crg6nhj2lvtw44zl,9737,2-3,1,1,6,NA,NA,38,Мужчина,Основное общее или среднее общее (школьное) образование,58988,Control
answer-crg6nhj2lvtw453y,25522,3-4,1,1,2,NA,NA,47,Женщина,"Высшее образование (бакалавриат, специалитет в университете, академии, институте и т.п.)",137675,Control
answer-crg6nhj2lvtw4636,17386,3-4,1,1,1,NA,NA,37,Мужчина,"Высшее образование (бакалавриат, специалитет в университете, академии, институте и т.п.)",7163585,Control
answer-crg6nhj2lvtw492g,27685,3-4,2,1,1,NA,NA,23,Мужчина,"Высшее образование (бакалавриат, специалитет в университете, академии, институте и т.п.)",91639,Control
answer-crg6nhj2lvtw497u,26198,3-4,1,1,1,NA,NA,23,Женщина,"Среднее профессиональное образование (техникум, колледж, училище и т.п.)",95113,Control
answer-crg6nhj2lvtw4bw6,18695,3-4,1,1,1,NA,NA,33,Женщина,"Высшее образование (бакалавриат, специалитет в университете, академии, институте и т.п.)",79464,Control
answer-crg6nhj2lvtw4c6l,25515,3-4,4,1,1,NA,NA,45,Женщина,"Высшее образование (бакалавриат, специалитет в университете, академии, институте и т.п.)",428571,Control
answer-crg6nhj2lvtw4dub,32068,3-4,1,1,1,NA,NA,39,Женщина,"Высшее образование (бакалавриат, специалитет в университете, академии, институте и т.п.)",145966,Control
answer-2l2u2lvtw4kfl,40111,2-3,5,5,4,NA,NA,39,Мужчина,Основное общее или среднее общее (школьное) образование,139555,Control
answer-crg6nhj2lvtw4m5w,47729,3-4,2,1,3,NA,NA,26,Мужчина,"Высшее образование (магистратура, ординатура)",141298,Control
answer-2l2u2lvtw4nqc,17715,3-4,1,1,1,NA,NA,37,Женщина,"Высшее образование (бакалавриат, специалитет в университете, академии, институте и т.п.)",73377,Control
answer-crg6nhj2lvtw4ru7,61826,3-4,1,1,3,NA,NA,40,Женщина,"Высшее образование (бакалавриат, специалитет в университете, академии, институте и т.п.)",131256,Control
answer-2l2u2lvtw4sor,7902,2-3,5,4,3,NA,NA,37,Женщина,"Высшее образование (магистратура, ординатура)",44683,Control
answer-2l2u2lvtw4tan,6106,3-4,4,4,1,NA,NA,41,Женщина,"Высшее образование (бакалавриат, специалитет в университете, академии, институте и т.п.)",78607,Control
answer-crg6nhj2lvtw4tif,25938,3-4,2,1,1,NA,NA,35,Мужчина,"Среднее профессиональное образование (техникум, колледж, училище и т.п.)",83751,Control
answer-crg6nhj2lvtw504k,98171,3-4,1,1,1,NA,NA,21,Женщина,Основное общее или среднее общее (школьное) образование,235379,Control
answer-crg6nhj2lvtw599m,18056,3-4,6,1,1,NA,NA,34,Женщина,"Среднее профессиональное образование (техникум, колледж, училище и т.п.)",58512,Control
answer-2l2u2lvtw5ant,29266,3-4,1,1,1,NA,NA,35,Мужчина,"Среднее профессиональное образование (техникум, колледж, училище и т.п.)",91157,Control
answer-crg6nhj2lvtw5fv0,1457,1-2,3,1,1,NA,NA,45,Женщина,Основное общее или среднее общее (школьное) образование,97164,Control
answer-crg6nhj2lvtw5k69,31690,2-3,4,2,1,NA,NA,40,Женщина,"Среднее профессиональное образование (техникум, колледж, училище и т.п.)",102592,Control
answer-crg6nhj2lvtw5kua,3179,3-4,7,7,7,NA,NA,28,Мужчина,"Высшее образование (магистратура, ординатура)",49056,Control
answer-2l2u2lvtw5li3,23554,2-3,1,1,5,NA,NA,35,Мужчина,"Среднее профессиональное образование (техникум, колледж, училище и т.п.)",114942,Control
answer-crg6nhj2lvtw5m4d,10723,3-4,3,1,1,NA,NA,37,Женщина,"Высшее образование (бакалавриат, специалитет в университете, академии, институте и т.п.)",46181,Control
answer-crg6nhj2lvtw5ngx,61125,3-4,4,4,1,NA,NA,41,Женщина,"Высшее образование (магистратура, ординатура)",165057,Control
answer-crg6nhj2lvtw5oz9,78166,3-4,1,1,1,NA,NA,30,Женщина,"Высшее образование (бакалавриат, специалитет в университете, академии, институте и т.п.)",163393,Control
answer-2l2u2lvtw5q75,21098,3-4,1,1,4,NA,NA,20,Мужчина,Основное общее или среднее общее (школьное) образование,60087,Control
answer-crg6nhj2lvtw5tfl,19682,3-4,1,1,2,NA,NA,30,Мужчина,Основное общее или среднее общее (школьное) образование,150958,Control
answer-2l2u2lvtw5u5w,5451,2-3,1,1,1,NA,NA,41,Предпочитаю не говорить,"Высшее образование (бакалавриат, специалитет в университете, академии, институте и т.п.)",98791,Control
answer-2l2u2lvtw603m,40190,3-4,1,1,1,NA,NA,37,Мужчина,"Среднее профессиональное образование (техникум, колледж, училище и т.п.)",98577,Control
answer-2l2u2lvtw61p8,39175,3-4,6,2,6,NA,NA,33,Женщина,"Среднее профессиональное образование (техникум, колледж, училище и т.п.)",-221459,Control
answer-2l2u2lvtw660r,15683,3-4,1,1,1,NA,NA,39,Женщина,"Высшее образование (бакалавриат, специалитет в университете, академии, институте и т.п.)",70888,Control
answer-2l2u2lvtw6fxv,15290,3-4,1,1,1,NA,NA,48,Мужчина,"Среднее профессиональное образование (техникум, колледж, училище и т.п.)",106725,Control
answer-crg6nhj2lvtw6hct,92365,3-4,4,2,7,NA,NA,45,Женщина,"Высшее образование (бакалавриат, специалитет в университете, академии, институте и т.п.)",167037,Control
answer-2l2u2lvtw6jr7,29305,3-4,1,1,1,NA,NA,40,Женщина,"Высшее образование (магистратура, ординатура)",-168374,Control
answer-crg6nhj2lvtw6lkn,28845,3-4,1,1,1,NA,NA,35,Женщина,"Высшее образование (магистратура, ординатура)",112886,Control
answer-2l2u2lvtw6m0u,25396,3-4,5,5,1,NA,NA,50,Мужчина,Ученая степень кандидата / доктора наук,130704,Control
answer-2l2u2lvtw6o29,25722,3-4,1,1,1,NA,NA,49,Женщина,"Высшее образование (бакалавриат, специалитет в университете, академии, институте и т.п.)",101048,Control
answer-crg6nhj2lvtw6zvs,5013,3-4,1,1,1,NA,NA,45,Женщина,"Высшее образование (бакалавриат, специалитет в университете, академии, институте и т.п.)",44914,Control
answer-2l2u2lvtw71io,30866,3-4,1,1,1,NA,NA,44,Женщина,"Высшее образование (бакалавриат, специалитет в университете, академии, институте и т.п.)",119990,Control
answer-crg6nhj2lvtw7249,39291,3-4,7,4,5,NA,NA,43,Мужчина,"Среднее профессиональное образование (техникум, колледж, училище и т.п.)",193548,Control
answer-2l2u2lvtw76gy,33525,3-4,1,1,1,NA,NA,25,Мужчина,"Высшее образование (бакалавриат, специалитет в университете, академии, институте и т.п.)",-467415,Control
answer-crg6nhj2lvtwc2hb,14665,3-4,1,1,2,NA,NA,28,Мужчина,"Среднее профессиональное образование (техникум, колледж, училище и т.п.)",62796,Control
answer-2l2u2lvtwp19k,16249,3-4,3,3,3,NA,NA,40,Мужчина,"Высшее образование (бакалавриат, специалитет в университете, академии, институте и т.п.)",56747,Control