ID,Pathway ID,Preference,Reasoning_Preference,Control,Experience,Age,Sex,Necessity ,Reasoning_Necessity,Time
1,answer-4wtf2lvijdcbt,Тип №1,МЕНЬШЕ ВСЕГО НЕНУЖНОГО ОТВЛЕКАЮЩЕГО ТЕКСТА,4,Нет,42,Женщина,Other,"ЕСТЬ РИСК СКАТИТЬСЯ К ОДНОСТОРОННЕЙ ЦЕНЗУРЕ. ВОЗМОЖНО СТОИТ ДЕЛАТЬ ТАКУЮ ОТМЕТКУ, НО ДАТЬ ВОЗМОЖНОСТЬ ЧИТАТЕЛЮ САМОМУ, ПО ЖЕЛАНИЮ, ПРОВАЛИТЬСЯ ПОЧИТАТЬ О ВОЗМОЖНЫХ РИСКАХ",307512
2,answer-gbej2lvijdd7m,Тип №3,тут более подробное описание,4,Да,37,Женщина,Нет,болье подходит,68501
3,answer-gbej2lvijdeks,Тип №2,"пусть лучше так, чем какой-то бот будет меня убеждать, что вакцинация полезна",3,Нет,48,Мужчина,Нет,"каждый для себя сам решит, насколько достоверна информация",173504
4,answer-gbej2lvijdh4b,Тип №1,"Мне понравилось, что предупреждение было вынесено на главную страницу, без показа самого поста. Это позволило сразу же предупредить человека, не показывая ему даже части контента. Кроме того, было дано пояснение о причинах такого предупреждения. ",4,Нет,20,Женщина,Да,"Важно предупредить человека о возможной проблеме или информации и о её содержании. Затем он сам решит, стоит ли ему ознакомиться с этим. ",268106
5,answer-4wtf2lvijdhnn,Тип №3,в этом варианте есть объяснение и дополнительная информация.Понятно почему есть предупреждение,4,Нет,41,Женщина,Да,"в мире где много фейков ,нужно фильтровать информацию ",193512
6,answer-4wtf2lvijdhtg,Тип №4,"подробно написано о предупреждении, можно тут же прочитать всё таки пост и здесь же отправить обратную связь",5,Нет,34,Женщина,Да,"лучше предупредить заранее человека, что пост может быть недостоверным",174656
7,answer-4wtf2lvijdjen,Тип №2,максимально компактно изложен смысл,4,Нет,24,Мужчина,Да,нужно для того чтоб человек был предупрежден,139082
8,answer-4wtf2lvijdlfe,Тип №4,визуально приятнее и более удобный,4,Да,35,Мужчина,Да,для предупреждения менее грамотных людей о возможном мошенничестве,71183
9,answer-4wtf2lvijdnt7,Тип №1,"Всё дело в том, что данный вариант который делает предупреждение о том, что контент может быть недостоверным и призывает критически отнестись, однако данное предупреждение ненавязчиво и носит рекомендательных характер",2,Нет,40,Мужчина,Да,"Чтобы человек не был введен в заблуждение, его надо предупредить, но не запрещать",245147
10,answer-gbej2lvijdt2f,Тип №3,в этом варианте все подробно описано о пользе вакцины,4,Нет,25,Предпочитаю не говорить,Да,больше информации всегда хорошо,282395
11,answer-gbej2lvijdv06,Тип №3,Достаточно информации для принятия правильного решения,2,Нет,47,Мужчина,Да,Нужно обезопасить от не достоверной информации доверчивых пользователей,236553
12,answer-4wtf2lvijdyie,Тип №1,больше понавился,3,Нет,37,Женщина,Да,привлекает внимание,80838
13,answer-4wtf2lvijdz5t,Тип №2,"блок с предупреждением лаконичен, без лишней информации, но при этом понятно о чем идет речь, без перегрузов",4,Нет,30,Женщина,Да,"да, тк не всегда информация точна и может быть фейком, некоторые люди доверчивы и могут ""вестись"" на любую информацию, предупреждения в этом случае могут помочь ""фильтровать"" информацию",182543
14,answer-gbej2lvijdzmz,Тип №4,"Имхо лучше объединить 3 и 4 варианты:
1. Хорошо, если вначале будет часть текста самого поста, чтобы читатель смог узнать о чем речь и составить собственное мнение. А то просто плашка предупреждения с восклицательным знаком выглядит как ""Ай-яй-яй, это тебе нельзя, ты неправильно поймешь""))
2. Следом сама фраза о недостоверности с ""!"" (без ""подробнее"")
3. Текст пояснения с тремя подпунктами про предупреждение, пояснение по теме и обратная связь. Это намного удобней текста длинной ""простыней"".
Успехов вам!",4,Да,40,Женщина,Да,"Люди должны получать достоверную информацию, а не посты вида ""моей левой пятке померещилось"".",736748
15,answer-4wtf2lvijdzow,Тип №4,наиболее полный и понятный ответ который дает понять почему пост закрыт и есть сноска про обратную связь,4,Нет,21,Женщина,Да,"неполная или недостоверная информация может вносить непонимание, споры и слухи.В некоторых случаях это опасно для здоровья или жизни",304753
16,answer-4wtf2lvije1yp,Тип №4,Лучше обзор,3,Да,31,Мужчина,Да,Предупреждение нужно,77512
17,answer-4wtf2lvije2a0,Тип №2,"Кратко и ёмко,более того ничто не занимает место",3,Нет,23,Мужчина,Да,Во избежание прецедентов,73764
18,answer-gbej2lvije7xs,Тип №2,он более лаконичный,3,Нет,34,Женщина,Да,"нужно предупреждать, для безопасности пользователей",66138
19,answer-gbej2lvijec8e,Тип №1,Понятная информация,2,Нет,32,Мужчина,Да,Потому что важно предостерегать,38539
20,answer-gbej2lvijefwh,Тип №1,"мне понравилась понятная мне формулировка,наличие предупреждающего блока тоже очень уместно",2,Нет,36,Женщина,Да,я считаю это важно и нужно,298832
21,answer-4wtf2lvijejc3,Тип №1,"он максимально отражает мое представление о данном типе предупреждений. Но! Скрывать сообщение не нужно, это вызовет желание обязательно посмотреть. В других вариантах информации либо мало, либо много. Нужно оставить предупреждение как здесь, с возможность обратной связи (кнопка, как в одном из вариантов) и обязательно ссылка (три вкладки) на подробное описание причины появления такого предупреждения",4,Нет,45,Женщина,Да,слишком много информации в сети и неподготовленный человек (в данной теме или подросток) может поверить такому источнику без поиска подтверждения в других,472420
22,answer-gbej2lvijejhh,Тип №4,Наиболее подробно представлены факты истинные и в чем недостоверность информации,4,Нет,23,Мужчина,Да,"Чтобы люди не велись на недостоверную информацию, нарушающую закон",71571
23,answer-gbej2lvijejoq,Тип №1,"более конкретно описано как обнаружилось, что может содержаться недостоверная информация. еще есть возможность все равно посмотреть сайт.",4,Нет,42,Мужчина,Да,что бы быть аккуратнее с информацией,418464
24,answer-gbej2lvijenet,Тип №4,более информативно,4,Нет,34,Мужчина,Да,проявлять осторожность,61944
25,answer-gbej2lvijenys,Тип №4,"Этот вариант более подходящий как по мне,в нем есть несколько вариантов о пояснениях *подозрения*,и + есть вкладка обратной связи :)",3,Да,29,Мужчина,Да,Потому что важно следить за информацией.,239915
26,answer-gbej2lvijerjl,Тип №4,Ответы краткие и понятные.,4,Нет,47,Женщина,Да,Чтобы люди были более внимательны.,148666
27,answer-gbej2lvijerxp,Тип №1,"В принципе, вам следовало бы добавляь предупреждение как в твиттер, со ссылкой на опровержение. Но если вы не хотите таким заниматься, то максимально подробное описание в плашке с недостоверной информацией выглядит внушающе. Короткую плашку могут не воспринимать всерьез. Больше текста - больше доверия к платформе.",4,Да,25,Мужчина,Да,Правда всему голова,193441
28,answer-4wtf2lvijesir,Тип №4,"сразу видно, но не мешает прочтению",5,Нет,31,Женщина,Нет,"против цензуры, даже в таком варианте. я сама решаю, что мне нужно читать, а что нет",75774
29,answer-4wtf2lvijewk6,Тип №1,"потому что крупно и сразу бросается в глаза, что информация сомнительная. когда читаешь контент, то не хочется тратить время на подобных ""авторов"" ",4,Да,37,Женщина,Да,чтобы не тратить время на чтение ереси,122089
30,answer-4wtf2lvijexic,Тип №4,потому что хорошо видно предупреждение и есть пояснение по нему,2,Нет,28,Мужчина,Да,это поможет оградится от фейков,108703
31,answer-gbej2lvijexx3,Тип №2,"оптимальным вариантом, считаю, если пояснения, которые приведены в остальных вариантах были как всплывающее окно при наведении на значок i в предупреждении. прописывать ее сразу под предупреждением излишне",4,Нет,28,Женщина,Нет,"потому что такие предупреждения могут использоваться как односторонняя пропаганда, например, посты содержащие призывы к миру, могут отмечаться, как предупреждающий с отметкой о дискриминации армии ",320219
32,answer-gbej2lvijeyr4,Тип №2,"Есть преамбула, но весь пост с информацией и не нужен",4,Нет,40,Женщина,Other,"Достоверность должна быть на чем-то основана, здесь не понятны критерии оценки достоверности",134102
33,answer-4wtf2lvijez2q,Тип №4,"Понятно Всё, как по полочкам разложили. Понравилось, что если это ошибка можно отправить жалобу",4,Нет,39,Женщина,Да,Чтобы не ошибиться,497922
34,answer-gbej2lvijf2jm,Тип №3,Более удобный отчет,2,Нет,20,Мужчина,Да,потому что это полезная и нужная информация,459985
35,answer-gbej2lvijf5gh,Тип №2,есть часть текста и предупреждение. коротко и со смыслом,4,Нет,47,Мужчина,Да,не всегда сразу понятно где истина,533475
36,answer-4wtf2lvijf6sx,Тип №1,этот вариант самый наглядный,3,Нет,33,Женщина,Да,"нужно, чтобы человек, увидевший недостоверную информацию, был предупрежден об этом",114615
37,answer-4wtf2lvijfayl,Тип №3,"Самый лаконичный вариант без лишней информации про алгоритмы и тп. Будь он под спойлером, было бы вообще идеально",4,Нет,31,Мужчина,Да,От этого напрямую зависит здоровье граждан,614663
38,answer-gbej2lvijfbio,Тип №2,все компактно,3,Нет,31,Женщина,Да,они раздражают,46554
39,answer-gbej2lvijfc90,Тип №4,"В сообщении указано, о чем именно может быть предоставлена недостоверная информация",4,Нет,34,Женщина,Да,"Да, потому что людям важно знать, является ли пост или сообщение достоверным источником информации",113282
40,answer-4wtf2lvijfe0x,Тип №3,"я считаю, что прежде чем что то запрещать, нужно обоснавать, в этом скриншоте все обосновано",5,Нет,36,Женщина,Да,"чтобы люди были в курсе, поэтому нужно предупреждать",153231
41,answer-gbej2lvijfgmz,Тип №2,"Есть сам пост который человек выложил и есть предупреждение,нету ничего лишнего,лишнее порой мешает,а в данном варианте все кратко и по делу.",5,Нет,25,Мужчина,Нет,"*Нет* потому что вся информация имеет место быть,ограничивая одну информацию ограничиваешь все невыгодную и образуется пропаганда,поэтому нужно не ограничивать информацию,а обьяснять почему она не верна и приводить факты,а не удалять ее или весить ярлык что она не достоверна.",480243
42,answer-4wtf2lvijfgoc,Тип №1,"визуально выглядит лучше,кому будет интересно откроет вкладку подробнее",4,Нет,30,Женщина,Да,слишком много информации в интернете. и сложно различить где обман,155549
43,answer-gbej2lvijfh2f,Тип №2,более менее подробная информация,4,Нет,40,Мужчина,Да,что бы люди знали правду,416563
44,answer-4wtf2lvijfofe,Тип №3,Это пост выглядит более реалистичней чем другие,2,Нет,47,Мужчина,Да,Стоит отмечать такие посты,435001
45,answer-4wtf2lvijfrws,Тип №3,"Оптимальное количество информации. Совсем не показывать пост неправильно, пользователь сам сумеет решить, читать ему или не читать, верить или не верить. Навешивать на пост 3 дополнительных вкладки с объяснениями - перебор.",4,Да,49,Женщина,Да,Надо искоренять мракобесие. Предупреждение даёт возможность вести дискуссию более осмысленно.,336630
46,answer-4wtf2lvijfwt0,Тип №3,видно комментарий человека и снизу написано что именно не так и что может быть инфа недостоверной,4,Да,35,Женщина,Да,"в соцсетях много детей,подростков,беременных и впечатлительных людей,которые верят всему и очень доверчивые,они могут сильно пострадать от недостоверной инфы и это может иметь печальные последствия",93895
47,answer-gbej2lvijfynd,Тип №3,"я хочу видеть оригинальный пост в любом случае, вообще маркировка и уж тем более цензура таких постов глупая идея т.к. высказывается личное мнение",4,Нет,30,Мужчина,Нет,высказывается личное мнение которое ни к коем случае нельзя подвергать цензуре или вешать ярлыки,429630
48,answer-4wtf2lvijggxp,Тип №2,"Предупреждение хорошо заметно, нет лишнего текста",4,Нет,30,Женщина,Да,Надо ограждать людей от фейков и недостоверной информации,115120
49,answer-gbej2lvijghck,Тип №1,"этот  вариант содержит именно недостоверную информацию, о чем имеется предупреждение, которое можно проверить, а содержание текста дает понять, что информация непроверена",4,Да,28,Мужчина,Да,"информацию проверять необходимо, это нужно для безопасности пользователей, не нужно вводить их в заблуждение",387612
50,answer-gbej2lvijgka0,Тип №2,Чем короче тем лучше предупреждение,4,Нет,45,Мужчина,Нет,"И так понятно, что ко всей информации из интернета надо относится с некоторым недоверием.",242734
51,answer-4wtf2lvijgmen,Тип №2,"кратко изложенный текст хорошо отображает суть и посыл данного комментария, не занимает много места на экране и удерживает внимание пользователя ",3,Да,26,Женщина,Да,информация может нести негативный характер и противозаконные действия,159577
52,answer-gbej2lvijgp6v,Тип №3,Доходчиво и понятно без лишних слов,4,Да,49,Мужчина,Да,Потому что так правильно для всех.,210961
53,answer-gbej2lvijgret,Тип №2,"Он интереснее и функциональнее по дизайну. Содержит мало информации, но зато она по существу, а также на скриншоте выделен предупреждающий знак и среднего размера шрифт. В других вариантах шрифт более мелкий и много объемного и лишнего текста. Кроме того, все очень грамотно расположен и дополняет друг друга: текст, символы и т.д.",4,Нет,46,Женщина,Да,Так будет понятнее и безопаснее...,357690
54,answer-4wtf2lvijgutb,Тип №1,В этом варианте сообщение о недостоверной информации выглядит наиболее локонично,4,Да,24,Женщина,Да,Потому что это помогает отслеживать достоверность контента в интернете,145317
55,answer-gbej2lvijgvsw,Тип №3,"Тип №3. Есть пост (без ката) в котором, может быть сомнительная информация, предупреждение и подробное пояснение. Все хорошо видно, с информацией удобно работать и формировать собственное суждение.",4,Да,48,Женщина,Да,"Да. В интернете очень много информации из огромного числа областей, часто противоречащей научным знаниям, фактам и даже здравому смыслу. Полезно иметь пояснение, корректирующее сомнительную информацию.",512936
56,answer-4wtf2lvijgzwn,Тип №1,Есть пояснение,3,Нет,26,Мужчина,Да,Уменьшить распространение ложной информации,71868
57,answer-gbej2lvijh6hy,Тип №1,"сразу видно было, те мболее подробно описано всё",2,Нет,36,Мужчина,Да,"полезно будет знать что там может написала всякая ложь, а то в интернете много информации и потсов, фиг поймёшь какой из несёт правду, какую ложь. интересно было-бы знать по каким критериям и добавляли бы правдивую информацию",226266
58,answer-gbej2lvijhd8u,Тип №2,можно узнать содержание поста,4,Нет,36,Женщина,Нет,"я сама могу для себя решить, достоверна информация или нет",112978
59,answer-gbej2lvijhehz,Тип №2,понравился,3,Да,31,Женщина,Да,потому что,100179
60,answer-4wtf2lvijhiif,Тип №1,"Когда вынесено влево, более заметно",4,Нет,44,Женщина,Да,Хочется быть предупрежденной,144265
61,answer-4wtf2lvijho02,Тип №2,все четко обозначено. и сам пост и предупреждение. и без лишних подробностей которые все равно никто не будет читать,4,Нет,50,Женщина,Да,?,409649
62,answer-gbej2lvijhsuv,Тип №4,"Данный вариант достаточно и не слишком длинно описывает всю суть предупреждения, так же удобно, что имеются несколько вкладок, из названия которых можно сразу понять, что в них находится, остальные варианты либо слишком короткие либо очень длинные и текст становится мешаниной и его становится неинтересно читать.",4,Нет,24,Мужчина,Да,"Я считаю, что информация должна быть достоверной всегда, и такие посты следовало бы сразу же удалять дабы не вводить в никого в заблуждение, но приходиться довольствоваться данной альтернативой.",-131698467
63,answer-4wtf2lvijhucr,Тип №4,просто понравился больше других,2,Нет,28,Предпочитаю не говорить,Да,"да, потому что в соц сетях встречается много недостоверной информации",228852
64,answer-gbej2lvijhuls,Тип №3,"Четко выделенное шрифтом и знаками предупреждением и грамотно структурированное пояснение,выгодно отличает от других вариантов",4,Нет,34,Мужчина,Да,"Недостоверная информация влияет на суждения,может привести к печальным последствиям ",264203
65,answer-4wtf2lvijhwjq,Тип №3,приведены аргументы на сообщение и пояснения по данному вопросу что заставляет задуматься и сомневаться,4,Нет,49,Женщина,Other,отмечать надо потенциально опасные-когда люди могут нанести вред себе или окружающим,331347
66,answer-gbej2lviji218,Тип №3,Сам пост + Разъяснение,3,Да,38,Мужчина,Да,Что бы быть на чеку,329355
67,answer-gbej2lviji2u8,Тип №4,"Есть само предупреждение, пояснение, а также обратная связь",4,Да,31,Мужчина,Да,"Введение в заблуждение, а также ложная и лженаучная информация может принести вред, как отдельному человеку, так и обществу",115173
68,answer-gbej2lviji3bp,Тип №3,Более информационное,4,Нет,34,Мужчина,Да,"Чтобы была провереная информация
",162077
69,answer-gbej2lviji5vt,Тип №3,"показалось наиболее понятным, визуально удобным и приятным",4,Нет,21,Женщина,Да,потому что это помогает людям понять вероятность обмана,681254
70,answer-4wtf2lviji8ge,Тип №4,"Разъяснения про тестирование вакцин полезны, но логично скрыть их в дополнительной табе. ",4,Да,41,Мужчина,Да,"Да, потому что много людей верят наслово первому, что встретят в сети",221451
71,answer-gbej2lvijioov,Тип №1,"Кратко изложена суть предупреждения и все по делу. Дается выбор человеку читать или нет, верить или нет, без излишнего давления.",5,Да,34,Женщина,Да,"Да, поскольку в соц.сетях встречается много ложной, необъективной информации, а есть люди, которые все принимают за ""чистую монету"".",939250
72,answer-gbej2lvijj8o5,Тип №2,Коротко и понятно. Что это вранье.,5,Нет,43,Мужчина,Да,"Да потому, что слишком много проплаченных людей занимается не обоснованным враньем. Особенно последнее время.",300413
73,answer-4wtf2lvijjtgj,Тип №2,"текст набран большими буквами, но я бы в любом случае сразу нажала закрыть. Я сама решаю доверять или нет прочитанному.",4,Да,42,Женщина,Нет,"Я сама способна логически думать и решать верить или нет. Подобные вещи будут сильно раздражать.
Уверены,что фейк-блокируйте! И не надо никаких предупреждений.",249714
74,answer-4wtf2lvijjvrj,Тип №3,Есть отзыва и есть аргумент все чутко крупно и понятно,2,Нет,31,Мужчина,Да,Информация нужна что бы как минимум насторожить,171606
75,answer-4wtf2lvijk0ry,Тип №3,"В этом варианте достаточно подробно описана причина появление метки, что важно.",4,Нет,26,Мужчина,Да,"Важно предупреждать людей о , возможно, недостовеоной информации, чтобы не навредить им",507196
76,answer-4wtf2lvijkrbf,Тип №3,Аргументировано и вполне доступно объяснено по какой именно причине не стоит доверять автору.,4,Нет,46,Мужчина,Да,Это облегчит отфильтровывать мусорный шум из инета.,195066
77,answer-gbej2lvijl6zc,Тип №1,"удобнее если предупреждение вначале, перед текстом, можно не читать дальше так как эта информация недостоверная",4,Да,47,Женщина,Да,"я недостоверную информацию читать не буду, это экономит мое время",182359
78,answer-gbej2lvijl7ke,Тип №3,"виден текст поста, есть пометка о недостоверности и есть разъяснения - удобно сразу на одной странице все прочитать",4,Нет,31,Женщина,Да,"много не верной информации появляется везде в соцю сетях, что может привести к неосозности и к лишним конфликтам. удобно, если есть комментарии на оф.источник с информацией",300235
79,answer-4wtf2lvijla6l,Тип №3,"максимально подробно и ясно объясняет почему данный пост опасен и опровергает информацию написанную в нем, и рассказывает правдивую информацию",3,Нет,40,Женщина,Да,слишком много ложной и лишней информации в интернете и её необходимо контролировать и выявлять.,187436
80,answer-gbej2lvijlijp,Тип №2,привлекательнее,2,Нет,45,Мужчина,Да,не знаю,94698
81,answer-4wtf2lvijltks,Тип №3,"отображается само сообщение, которое было опубликовано. А также есть пояснение, почему было выдано предупреждение. Для остальных пользователей будет полезно знать, какие именно заявления других пользователей не являются достоверными",3,Нет,33,Мужчина,Да,"другим пользователям необходимо знать, что не все заявления в интернете являются достоверными",1146692
82,answer-gbej2lvijm4al,Тип №4,"Самый функциональный вариант, подробно объясняющий предупреждение. На мой взгляд, первую вкладку, где рассказывается про алгоритмы можно убрать, или хотя бы поставить на второе место, а по умолчанию должно быть открыто пояснение, которое сразу вводит в курс дела",4,Да,31,Мужчина,Да,Потому что надо повышать общую грамотность населения по социально важным вопросам :),175338
83,answer-4wtf2lvijma0b,Тип №3,Есть подробное объяснение причины,3,Нет,23,Мужчина,Да,Нужно чтобы люди были осторожны,72541
84,answer-4wtf2lvijmerr,Тип №1,"Давно сижу в Интернете, и как правило, мне достаточно мозгов, что бы решить насколько достоверна информация. Если есть сомнения, перепроверяю. Этот вариант мне подходит идеально, четко и понятно.",4,Да,49,Мужчина,Да,"Интернет это опасное ""место"", где много фейков и лжи",302502
85,answer-gbej2lvijmjam,Тип №1,"ВЫБРАЛА ДАННЫЙ ВАРИАНТ,ТАК КОММЕНТАРИЙ СОДЕРЖИТ МНЕНИЕ ОПРЕДЕЛЕННОГО ЧЕЛОВЕКА,  И ЭТО НЕ ПОДТВЕРЖДЕННАЯ ИНФОРМАЦИЯ ПО ПОВОДУ ВАКЦИНАЦИИ",4,Да,26,Женщина,Да,ЧТОБЫ ДАННЫЕ КОМЕНТАРИИ НЕ ВНОСИЛИ ДЕЗИНФОРМАЦИЮ,333779
86,answer-4wtf2lvijmkf7,Тип №3,"Объяснение расположено под постом, что значительно облегчает понимание недостоверности",4,Нет,37,Мужчина,Да,"Да, потому что так легче распознать недостоверную информацию",214000
87,answer-4wtf2lvijmm7p,Тип №2,"Полностью блокировать информацию нельзя, так как каждый сам в праве решать, какую информацию потреблять и чему верить, поэтому один из вариантов отметаем сразу. В остальных вариантах слишком много пояснительной информации, поэтому выбираем самый простой без лишней ""воды"".",4,Нет,33,Мужчина,Нет,"Каждый сам для себя решает, очередные инструменты, которые ""думают"" за пользователя, не нужны. Плюсом ко всему подобная практика, я уверен, будет использоваться в корыстных целях для того, чтобы ""душить"" неугодных авторов, как сейчас, например, происходит с маркировкой иноагентов.",242229
88,answer-4wtf2lvijmucc,Тип №3,"Мне не нравятся, когда скрывают комментарии под какими-то плашками, я сама хочу выбирать, что мне читать, а что нет. Подобные запреты порождают больше любопытства к самому тексту комментария, чем к пояснениям, почему пост может содержать недостоверную информацию. 
Когда у тебя перед глазами текст комментария и текст опровержения, легче убедиться и понять для себя, что это предупреждение стоит там не просто так, что повышает твоё доверие к такому типу модерации контента. ",4,Да,32,Женщина,Да,"Модерация в  социальных сетях необходима, поскольку там содержится слишком много потенциально недостоверной и опасной информации доступ к которой могут получить дети, люди пожилого возраста, просто доверчивые граждане. ",475777
89,answer-4wtf2lvijng3i,Тип №4,"я думаю что нужно прежде всего указывать о каком виде нарушения сообщается в посте, поэтому выбрал тот вариант в котором это есть. неплохо было бы ещё прикрепить статью-опровержение, или сделать кнопку ""подробнее"". думаю так легче всего и нагляднее можно опровергать всякую чушь",4,Нет,35,Мужчина,Да,нельзя оставлять ложные сообщения и данные без реакции,321190
90,answer-gbej2lvijngsc,Тип №3,"С одной стороны, виден сам текст сообщения, с другой, предупреждение заметно, и, в отличие от последнего варианта, не перегружен подробностями.",4,Нет,40,Женщина,Да,"Людям с критическим мышлением это сэкономит время на проверку фактов, а легковерных убережёт от заблуждений.",514805
91,answer-gbej2lvijnzsh,Тип №3,"Само сообщение не скрыто, можно ознакомится, что в нём такого. Ниже, информационная справка - ответ на его сообщение, аналогично как и в случае его сообщения, очень полезно.",4,Нет,38,Мужчина,Да,"Лучше видеть, чем нет. Иногда не хочется думать и анализировать, проще прочитать справку - ответ на такие и подобные сообщения.",304597
92,answer-4wtf2lvijohgq,Тип №2,"Масштаб , дизайн , все просто и понятно , ничего лишнего нет.",2,Да,34,Мужчина,Да,"Фейковая , информация которая не достоверная несет угрозу и вселяет панику обывателям",156009
93,answer-4wtf2lvijooh5,Тип №1,"Меньше информации - привлекает внимание больше, чем много слов. ",4,Да,46,Женщина,Да,развивает критическое мышление,125899
94,answer-4wtf2lvijop3w,Тип №2,"ОЧЕНЬ УДОБНО,ЧТО НАДПИСЬ СРАЗУ ПОСЛЕ ТЕКСТА",4,Нет,32,Мужчина,Да,Чтоб люди не полагались всецело на такую информацию,103416
95,answer-gbej2lvijosnk,Тип №3,можно посмотреть сам пост и даны пояснения по поводу недостоверной информации,4,Да,26,Женщина,Да,нужно бороться с дезинформацией,268333
96,answer-gbej2lvijp1uk,Тип №3,самый развёрнутый и внушительный текст,5,Да,33,Мужчина,Да,"Пользователи интернетавправе получать информацию о лицах, размещающих заведомо недостоверные посты. Это чать безопасности в интернете.",166578
97,answer-gbej2lvijp320,Тип №1,Не так много текста и все понятно,2,Нет,19,Мужчина,Нет,Раздражает,106446
98,answer-gbej2lvijp71x,Тип №3,Все подробно описано,3,Нет,20,Мужчина,Да,Чтобы знать об опасности,115868
99,answer-4wtf2lvijpagc,Тип №3,Пояснение подробное. Не нужно искать в интернете,4,Да,39,Женщина,Да,Чтоб не быть обманутым,286075
100,answer-4wtf2lvijpef9,Тип №4,"В этом варианте ответа есть возможность более подробно ознакомиться с дополнительной информацией, что всегда важно.",4,Нет,27,Мужчина,Да,"Важно не вводить людей в заблуждение недостоверной информацией, также это защитит от обмана и мошенничества",352197
101,answer-gbej2lvijpqo9,Тип №4,"Более подробный вариант, где есть пояснения, а также обратная связь, что делает предупреждение более понятным и информативным.",4,Нет,35,Женщина,Да,"Да, потому что это позволяет подготовиться к информации, чтобы в случае чего не впадать в заблуждение.",184533
102,answer-4wtf2lvijpzv5,Тип №4,"Предупреждение сразу бросается в глаза.Даже не прочитав его текст можно понять ,что стоит внимательнее относится к информации ниже",4,Нет,36,Женщина,Да,Для безопасности,208271
103,answer-gbej2lvijq5nl,Тип №3,Текст поста с дополнительными пояснениями,4,Нет,41,Мужчина,Нет,Критерий недостоверности может быть субъективным,113896
104,answer-4wtf2lvijqdfl,Тип №3,"1. есть ложная информация с которой можно ознакомится
2. есть предупреждающий элемент
3. под этим элементом есть информация подтверждающая ложность информации",4,Нет,34,Мужчина,Other,"да, если эту информацию действительно можно опровергнуть опираясь на факты",264293
105,answer-gbej2lvijqtbf,Тип №2,коротко и ясно,4,Нет,48,Женщина,Да,"чтобы знать, что информация недостоверна",-3494723
106,answer-gbej2lvijr07u,Тип №2,понятно компактно,4,Да,35,Мужчина,Да,"чтобы знать о возможных проблемах
",-3449494
107,answer-4wtf2lvijr1p0,Тип №2,коротко и ясно,3,Нет,47,Мужчина,Да,для полной информации,89744
108,answer-gbej2lvijsdwl,Тип №3,есть дополнительные пояснения,3,Нет,36,Женщина,Нет,я так думаю,62122
109,answer-gbej2lvijsexn,Тип №4,Более понятное объяснение,5,Нет,27,Женщина,Да,Это необходимо для своей безопасности,110980
110,answer-4wtf2lvijstji,Тип №2,Предупреждение не мешает ознакомиться с самим постом,4,Да,43,Мужчина,Нет,"Понятие ""недостоверность"" может использоваться в неправильных целях",222993
111,answer-gbej2lvijstph,Тип №3,"Достаточно крупный шрифт. Мнение пользователя, дополнено профессиональной информацией.",4,Нет,46,Мужчина,Да,"Для достоверности. Пусть сам пользователь,  делает выводы на основе разных точек зрения.",284681
112,answer-4wtf2lvijstsn,Тип №1,более подходит т к скрывает написанное,4,Да,25,Женщина,Да,чтобы это не увидели те кто нехотел видеть,94198
113,answer-4wtf2lvijtl84,Тип №2,"Лаконично, без лишнего текста",4,Нет,33,Женщина,Да,"Это важно, сразу внимание заостряется ",120085
114,answer-gbej2lvijtppa,Тип №1,"выбрал четвертый вариант, шел в своих рассуждениях от противного:
Сразу отмел вариант 2, потому что увидел в нем отсутствие пояснений, просто запрет на просмотр контента.
Дальше отмел третий вариант. На самом деле лично меня бы он устроил, возможно, но в современном мире с огромной скоростью перерабатывания людьми информации, у них остается все меньше времени на то, чтобы погружаться в тонкости и детали. Когда человек видит три разные вкладки после запрет на контент, может банально подумать, что слишком долго все это читать.
Ну и в конце убрал вариант 1, там в описании идет пояснение блокировки, которое многие современные, начитавшиеся всякого люди могут воспринять как то, что им навязывают надуманные причины о запрете. Не уверен, что таких людей может убедить и вариант 4, но он как по мне напрочь был лишен эмоциональной составляющей и максимально сухо, но доступно давал информацию о запрете и предупреждение о возможных рисках и ответственности за взятие их на себя ",4,Да,34,Мужчина,Да,"В текущих реалиях стало столько информационной ""шелухи"", что иногда она начинает подменять факты. Поэтому полезно знать, что впереди тебя ждет не подкрепленная фактами и возможно не самая полезная и правдивая информация. Может быть взглянув на подобное предупреждение ты осознаешь, что не так уж оно тебе и надо. Ну или во всяком случае уже заранее будешь относиться к ней с изрядной долей здорового скептицизма.",791571
115,answer-gbej2lviju8ka,Тип №1,"Как я понял картинка справа, это первичное предупреждение, после нажатия ""подробнее"", открывается пояснение, почему этот пост может содержать недостоверную информацию, и т.д.. Так вот, такое предупреждение изначально не загружено текстом, и в то же время, при  желании, можно изучить, почему сей пост получил такую оценку",4,Нет,27,Мужчина,Да,"Потому как такие предупреждения заставляют задуматься, и перепроверить информацию",409325
116,answer-gbej2lvijuuri,Тип №1,Более подробная информация объясняющая суть предупреждающей пометки,4,Нет,30,Мужчина,Да,Чтобы обратить внимание пользователей на информацию которую лучше перепроверить,-4955
117,answer-4wtf2lvijuxek,Тип №1,"предупреждение до самого сообщения я считаю важным, плюс не перегружено объяснительным текстом, который мало кто будет читать",4,Нет,42,Мужчина,Да,"в подобных текстах может содержаться опасная и ложная информация, которую не каждый способен заметить самостоятельно",400561
118,answer-gbej2lvijv3az,Тип №2,"Коротко и понятно, без лишних слов, сразу воспринимается однозначно ",4,Нет,37,Мужчина,Нет,"Потому что проверять достоверность, должен лично я а не некое ведомство или организация ",81820
119,answer-gbej2lvijvyqg,Тип №2,"важно сначала узнать что не правда, а потом, если уже интересно узнавать почему
",4,Нет,29,Мужчина,Нет,люди сами должны решать во что верить,612451
120,answer-gbej2lvijwju3,Тип №4,"более современный вариант 4й, но первый подойдет всем слоям общества и любому возрасту: простое предупреждение. иначе последним вариантом можно задеть однажды щекотливую тему. кстати пример о ковиде может поднять негативные мысли у людей, потерявших родственников.",4,Нет,45,Женщина,Да,"продолжать ли просмотр-право каждого, но не все обладают критическим мышлением. таким людям будет в помощь предупреждение",229771
121,answer-4wtf2lvijwq5j,Тип №1,"Пояснение нужно, но краткое, как в №1. Длинное всё равно читать никто не будет, только место занимает.",4,Нет,47,Мужчина,Да,"Если есть основания предупредить, то будет полезно. Сейчас много информации, легко попасться на фейк.",215191
122,answer-4wtf2lvijwrtw,Тип №2,краткий и удобный ответ,5,Нет,20,Мужчина,Нет,те кому надо сами найдут,66275
123,answer-gbej2lvijwso9,Тип №2,больше изначального текста перед предупреждением,4,Нет,28,Женщина,Да,почему бы и не выявлять ботов,102031
124,answer-gbej2lvijwxzg,Тип №1,Первый компактный и очень понятный без лишней информации,2,Нет,27,Мужчина,Да,Чтобы не вводить людей в заблуждение,114324
125,answer-4wtf2lvijx452,Тип №1,Потому что если информация противоречит правилам публикации то не должно отражаться само сообщение,4,Да,35,Женщина,Да,"Чтобы они не дезинформировали население
",159923
126,answer-4wtf2lvijx5ch,Тип №3,"Подробное пояснение и при этом всё в одном пункте (не разбито на главы), это удобно ",4,Нет,38,Мужчина,Да,"Много необразованных людей, которые всё воспринимают за чистую монету. Главное не злоупотреблять ради политических целей ",253373
127,answer-gbej2lvijxb9d,Тип №1,"Краткое и понятное предупреждение, лучше подходит! Длинное не кто не будет читать до конца, слишком долго, нудно, подумают ерунда какая-то. К тому же, если предупреждение длиннее самого поста, то это как-то вообще не очень смотрится. Желающие могут кликнуть и получить  дополнительную информацию.",4,Да,40,Мужчина,Нет,"Потому что, люди вправе выражать своё мнение, даже если оно не совпадает с официальным.",1511245
128,answer-4wtf2lvijxccu,Тип №1,"Мне понравился призыв использовать критическое мышление и перепроверять информацию. Это именно то, что мы все должны делать.",4,Да,48,Женщина,Да,"Многие верят тому, чего прочитали и не перепроверяют информацию, даже явно абсурдные и недостоверные посты.",273921
129,answer-4wtf2lvijxw6u,Тип №3,"третий вариант, тк он максимально предупреждает о недостоверной информации",4,Нет,42,Мужчина,Да,"Да, потому что люди верят статьям из интернета, не проверяя источники. Нужно их обезопасить",147285
130,answer-4wtf2lvijy7no,Тип №1,"сначала расположено окно предупреждение, оно сразу бросается в глаза. потом текстовое предупреждение и объяснение ситуации, оно тоже нужно для поддержания хорошего контакта с пользователями",4,Нет,40,Женщина,Да,"да, чтобы пользователь лишний раз проанализировал достоверность",197837
131,answer-gbej2lvijyh85,Тип №2,"Хорошо видно предупреждение, не мешает основному тексту.",5,Нет,32,Женщина,Да,"Потому что это предостерегает людей от ложной информации, особенно детей и подростков.",89358
132,answer-4wtf2lvijyp98,Тип №3,Более информативен,5,Да,22,Мужчина,Да,"В сети очень много недостоверной информации,которая вводит в заблуждение доверчивых пользователей",197674
133,answer-gbej2lvijyry9,Тип №3,"Самый продуктивный вариант. Сначала пользователю в глаза бросается предупреждение, которое он точно не пропустит. Затем более подробная информация представлена в одном окне, не нужно переключаться в другие вкладки, и много скроллить, это очень удобно, и есть больше шансов, что он прочтёт всё, что там написано.",5,Да,41,Мужчина,Да,"Нужно, чтобы доверчивый пользователь знал о возможной дезинформации, чтобы стал работать его критический взгляд.",450604
134,answer-gbej2lvijyvrw,Тип №3,сразу попадается на глаза предупреждающее сообщение,4,Нет,38,Женщина,Да,да потому что сразу будет понятно читать или нет информацию,233486
135,answer-4wtf2lvijyvur,Тип №2,"Самым хорошим был бы вариант: текст поста + предупреждение, что пост может быть не достоверным + ссылка Подробнее, где можно узнать в общем, почему алгоритмы посчитали пост недостоверным. Сам текст поста скрывать не нужно — ведь даже если кто-то его читает, это не значит, что читатель согласен с автором и верит ему. Пояснения-опровержения про то, что такое на самом деле прививки считаю не нужными.",4,Да,40,Женщина,Other,"Только если есть 1000% уверенности, что информация — обман. Например, фейковые фото. В остальном люди уже привыкли к большому количеству чепухи в соцсетях, так что подобные предупреждения особого смысла не имеют.",678737
136,answer-gbej2lvijzb1p,Тип №4,"В выбранном варианте есть вся необходимая информация и удобен способ взаимодействия с ней, путём клика на нужный раздел.",4,Нет,42,Мужчина,Да,"Это необходимо делать, чтобы пользователь получал только качественный и правдивый контент. ",280567
137,answer-4wtf2lvijzigl,Тип №4,более полное обоснование,3,Да,30,Женщина,Да,важно понимать достоверность информации,180486
138,answer-4wtf2lvijzisr,Тип №1,"Есть пояснение, но максимально краткое",4,Нет,40,Мужчина,Нет,Не надо регулировать интернет вообще,190460
139,answer-gbej2lvijzps4,Тип №2,просто и понятно,4,Да,39,Мужчина,Other,"сайты разные, иногда уместно проверять, иногда бесполезно",80812
140,answer-gbej2lvijzx41,Тип №1,"Оптимальный вариант без лишнего текста и сложных конструкций. Предупреждение есть, минимально пояснили, а дальше, уже можно открыть информацию.",4,Нет,22,Мужчина,Other,"""ДА"":
- Может быть полезно. Кому-то;
- Возможно хоть какая-то фильтрация контента.
""НЕТ"":
- Какова гарантия объективности?
- Очередные усложнения интерфейса
- Я не думаю, что большинство будет хоть как-то обращать на это внимание, а уж тем более начинать думать лишь из-за какого-то предупреждения.",970113
141,answer-gbej2lvik0999,Тип №1,коротко и ясно,4,Нет,38,Мужчина,Да,я хочу быть в безопасности,106513
142,answer-4wtf2lvik0ba1,Тип №3,Удобное расположение текста для чтения,4,Да,36,Женщина,Да,"не достоверная информация может привести к нежелательным последствиям, многие могут принять такую информацию за правду ",260273
143,answer-4wtf2lvik0g8i,Тип №4,"идеальный вариант, так как поясняется почему выскочило предупреждение , есть краткий экскурс о том, о чем говорится в посте и обратная связь. Заставит читателя помозговать, осмыслить, и возможно, остудит троллей интернетных",4,Да,35,Женщина,Other,возможно нужно сделать эту функцию ВКЛ-ВЫКЛ в настройках сайта,407238
144,answer-gbej2lvik1dip,Тип №4,Ну тут и предупреждение и пояснение и обратная связь.,3,Нет,39,Мужчина,Да,"Ну а как не отмечать посты, которые вводят в заблуждение, порой в опасное? Ответ ""нет"" на руку только тем, кто в заблуждение вводит.",292537
145,answer-4wtf2lvik1h29,Тип №1,"Здесь коротко и ясно изложена суть запрета, показано минимум публикуемой информации для начала",4,Да,39,Женщина,Да,"есть необразованные люди которые верят всему что пишут, так они хотя бы будут настороже",319959
146,answer-4wtf2lvik1zjx,Тип №1,"было бы неплохо, что перед тем, как прочитать чью-то запись, было предупреждение, а уж после клика можно будет узнать информацию",3,Нет,42,Женщина,Да,потому что это дает человеку понять,228673
147,answer-4wtf2lvik211j,Тип №3,в одном все кратко,4,Нет,33,Мужчина,Нет,я сам знаю все,88440
148,answer-4wtf2lvik2d5e,Тип №2,"Предупреждение заметнее, так как небольшой отрезок текста",4,Да,28,Мужчина,Да,для защиты пользователей,95197
149,answer-4wtf2lvik2gos,Тип №3,имеет дополнительные пояснения,4,Нет,46,Женщина,Да,обязательно надо предупреждать людей,191923
150,answer-gbej2lvik2nso,Тип №3,"есть и сама публикация, и подробный комментарий к ней о возможной недостоверности",5,Нет,40,Мужчина,Да,для возможности сравнения и оценивания информации с разных сторон,343569
151,answer-gbej2lvik2s88,Тип №4,"nfv vj;yj jnghfdbnm ;fkj,e ltqcndbntkmyj 'nj ytljcnjdthyfz byajhvfwbz bkb ytn",4,Нет,49,Женщина,Да,z bvt. ghfdj pyfnm,280969
152,answer-gbej2lvik321w,Тип №1,хз,3,Нет,25,Мужчина,Да,просто,136397
153,answer-4wtf2lvik357k,Тип №3,"лучше выглядит и сразу есть указание на то, почему информация недостоверна",4,Да,39,Женщина,Да,чтобы меньше было фейков,128241
154,answer-gbej2lvik37c5,Тип №3,я хочу понимать суть поста и сама принять решение о его характере,4,Нет,37,Женщина,Да,"Предупреждение необходимо, есть много доверчивых, наивных людей. Особенно дети и пожилые. Они не способны критически мыслить.",262994
155,answer-gbej2lvik3ebo,Тип №2,Наиболее четко и читаемо.,4,Нет,34,Мужчина,Нет,Для объективной оценки информации.,134646
156,answer-4wtf2lvik3sbf,Тип №3,"в выбранном варианте публикуется подробная информация, почему пост считается небезопасным ",2,Нет,20,Женщина,Да,так как с соц сетях часто публикуется опасная или неприятная информация,107824
157,answer-4wtf2lvik3skf,Тип №2,визуально для меня этот вариант вызывает больше доверия,4,Нет,40,Женщина,Да,"да, было бы полезно",195725
158,answer-4wtf2lvik3zhe,Тип №4,"Всё подробно расписано, есть вариант закрыть предупреждение или отправить жалобу",4,Да,25,Мужчина,Да,"Многие люди верят любой информации из интернета, предупреждение заставит задуматься",246225
159,answer-gbej2lvik4fmi,Тип №3,"этот вариант более понятный, есть как короткий вариант ответа, так и дополнительный",2,Нет,19,Женщина,Да,не хотелось бы верить недостоверной информации,94997
160,answer-4wtf2lvik4h7d,Тип №1,Показался визуально наиболее вызывающим доверие.,4,Нет,34,Женщина,Да,"Нужно отмечать, чтобы читающие думали, стоит ли доверять подобным постам.",103529
161,answer-gbej2lvik4s9l,Тип №2,"Очень просто, понятно и без лишней информации которая мне не нужна",4,Да,20,Мужчина,Да,"Пользователи должны сообщать о том что информация может быть недостоверной, для того чтобы не обманывать других людей",93621
162,answer-4wtf2lvik4vcz,Тип №4,В заголовке указано в чём именно недостоверность (вакцина),3,Нет,42,Мужчина,Да,Предупреждение для некомпетентных в тематике пользователей поможет избежать ошибочных действий,-3510259
163,answer-gbej2lvik53gt,Тип №3,"Подробно изложено, почему данная информация недостоверна.",2,Нет,46,Женщина,Да,"Да, потому что это помешает распространению фейков.",177750
164,answer-4wtf2lvik6er7,Тип №1,более понятно и без лишних слов. написано в крации,2,Нет,26,Женщина,Да,простот так,67883
165,answer-4wtf2lvik6f10,Тип №1,В этом варианте сразу бросается в глаза предупреждение и скрывается сам пост,3,Нет,23,Женщина,Да,Потому что это предупреждает распространение ложной информации,207832
166,answer-4wtf2lvik6nup,Тип №1,"более подробное объяснение, чем в первом варианте, но менее объемное и навязчивое, чем  в двух других",4,Нет,36,Женщина,Нет,я против како-либо цензуры,137430
167,answer-gbej2lvik6vmh,Тип №4,В этом ответе содержаться максимально большое количество информаций которая ответит на многие вопросы,4,Нет,28,Мужчина,Other,"нет потому что есть темы где достоверная информация может быть ошибочной или не полноценной, а да только когда информация имеет общепринятый характер ",363307
168,answer-4wtf2lvik6zwf,Тип №4,подробно даны описания предупреждений,4,Нет,42,Мужчина,Да,пользователь должен знать достоверная ли информация,293972
169,answer-gbej2lvik7dqr,Тип №3,"Потому что информация расположена в более удобном порядке и есть исчерпывающее обоснование, почему эта информация недостоверна",5,Нет,34,Женщина,Да,"Потому что люди должны знать, когда пост несет недостоверную информацию ",122705
170,answer-gbej2lvik7o0o,Тип №4,"всё сразу написано,удобно читать",3,Нет,46,Женщина,Да,потому что я предпочитаю быть проинформирована заранее,182540
171,answer-4wtf2lvik7qai,Тип №4,Все объяснения содержатся в самом варианте,4,Нет,35,Мужчина,Нет,"Самостоятельный поиск более ценен, чем автоматический",196178
172,answer-gbej2lvik8g1q,Тип №2,"Можно увидеть текст поста, есть короткое предупреждение. Никакой лишней информации",3,Нет,25,Женщина,Other,Все равно,298349
173,answer-4wtf2lvik8j7w,Тип №4,Более информативно,4,Нет,46,Мужчина,Нет,Лишнее,136247
174,answer-gbej2lvik90lh,Тип №3,"1. усть предупреждение.
2.под постом есть опровергающая информация о вакцине и заболеваниях (из достоверных источников)",5,Да,45,Предпочитаю не говорить,Да,что бы пользователи не велись на определённую недостоверную информацию (мозги будут чистые),412400
175,answer-4wtf2lvik9gyr,Тип №3,исходный текст сохранен и подробно расписано почему текст может содержать недостоверную информацию,4,Да,32,Мужчина,Да,неокрупшие умы или неосведемлонные люди в том или ином вопросе могут принять недостоверную информацию за чистую монету,241575
176,answer-gbej2lvikaewi,Тип №2,"Прежде чем помечать какой-то пост знаком предупреждения, хочется понять, о чём там вообще речь. Я вижу начало статьи автора. Дальше удобно, что есть предупреждение и хотелось бы видеть доп.информацию о его сути, но при наведении на воскл.знак, чтобы всплывало окошко",5,Нет,30,Женщина,Да,"Потому что хочется, чтобы сомнительная информация помечалась и не вводила людей в заблуждение. Но чтобы это было не навязывание, а просто акцент на том, что есть другая точка зрения, которая чем-то подкреплена",426834
177,answer-4wtf2lvikatlx,Тип №2,не сразу отталкивает от прочтения,5,Да,31,Мужчина,Да,в интернете 90% вранье,219748
178,answer-gbej2lvikcaih,Тип №2,"Лично мне, кажется, что люди не станут читать какие то длинные поясняющие тексты о подробностях предупреждений в соц.сетях, поэтому я и выбрала данный вариант.",4,Да,19,Женщина,Да,"Чтоб люди не велись на всякий бред, которого в интернете очень много.",185903
179,answer-4wtf2lvikce0k,Тип №3,"Есть подробное пояснение, почему этот пост нежелателен.",5,Да,30,Мужчина,Да,"Чтобы пользователи знали, что этот контент небезопасен.",128762
180,answer-4wtf2lvikd2p9,Тип №4,"Дом описание, лучше на данном выборе ",3,Да,37,Мужчина,Да,Заострить внимание,123516
181,answer-4wtf2lvikdn19,Тип №3,"я хочу видеть пост в любом случае, мне намного интереснее видеть плохой тейк и сноску под ним, почему это не правда, С ОБЪЯСНЕНИЕМ (читаем твиттер).",4,Да,22,Мужчина,Нет,"я хочу сам решать, доверять мне источнику или нет",243991
182,answer-4wtf2lvikdqct,Тип №2,красивее,2,Нет,31,Мужчина,Да,потому что понятнее будет,54978
183,answer-4wtf2lvikdtya,Тип №4,Мне покажалось что это гораздо развернутное обяснение того что информация является недостоверной. Наличие опций очень порадовало,4,Да,37,Мужчина,Да,чтобы не вводить заблуждение и не разводить конспирологию,239607
184,answer-4wtf2lvikeiv1,Тип №3,Более понравился,3,Да,22,Мужчина,Да,Это может обезопасить,853978
185,answer-4wtf2lvikfvp7,Тип №4,"Есть предупреждение, пояснение и обратная связь и выглядит не громоздко.",4,Нет,47,Мужчина,Да,В интернете часто встречается потенциально не достоверная информация и необходимо предупреждать об этом пользователей сети,642858
186,answer-gbej2lvikgbjp,Тип №1,"коротко удобнее быстрее читать,знак крупнее",4,Да,34,Мужчина,Да,"в сети много малоопытных пользователей, детей",306308
187,answer-gbej2lvikgcsy,Тип №3,"Подобные посты не следует скрывать. Он не несёт в себе экстремизма. Это точка зрения (пусть и основана на ненаучном подходе). Должна быть возможность ознакомится с ним. Иначе это ещё больше разожжет у читателя интерес к этому посту. А уже под постом должна быть альтернативная точка зрения (научно-обоснованная). А читатель уже сам решает, чему верить.",4,Нет,37,Мужчина,Да,"Всё что имеет альтернативу должно быть показано с разных сторон. А то может создаться впечатление, что это безальтернативное утверждение.",906188
188,answer-4wtf2lvikgnde,Тип №3,"Лишний текст точно не нужен и не все будут его читать, достаточно пояснения",4,Нет,30,Мужчина,Нет,Потому что это может использоваться в целях пропаганды,180586
189,answer-gbej2lvikhabb,Тип №3,более развернуто,3,Да,34,Мужчина,Да,это необходимо чтобы обезопасить людей от дезинформации,119250
190,answer-4wtf2lvikhtou,Тип №2,"этот интерфейс проще и понятнее , не имеет лишних нюансов ",4,Нет,20,Мужчина,Да,для пользователя эта информация будет важна,104433
191,answer-4wtf2lviki8b3,Тип №3,"Потому что четко прописано, что недостоверная инфа, а так же ниже приведено объяснение",4,Нет,29,Женщина,Да,"Потому что, люди в большинстве своем доверяют всякому бреду, не фильтруя инфу",144042
192,answer-gbej2lvikih2z,Тип №4,"Мне понравилось, что есть полное объяснение почему публикация считается недостоверной. При этом есть возможность выбрать читать эту информацию и в каком объёме.",4,Нет,42,Женщина,Да,"Не все люди интересуются происходящим вокруг и не всегда критически воспринимают входящую информацию, и могут быть введены в заблуждение. Предупреждение может заставить их задуматься лишний раз и избежать неверных суждений.",429310
193,answer-4wtf2lvikilco,Тип №3,"Короткая четкая фраза предупреждение. А так же что можно ознакомится с дополнительной информацией , если это интересно человеку. Еще понравилось что доп. информация не бледная , как в других вариантах , это улучшает ее читабельность.",4,Нет,41,Женщина,Да,"да, так как в интернете очень много сейчас фейков, а данное предупреждение заставит задуматься и более глубоко изучить вопрос.",491245
194,answer-gbej2lvikj1jj,Тип №4,в этом варианте максимально расписаны причины блокировки,4,Нет,36,Женщина,Да,"да, потому что я не люблю вранье и дезинформацию ",178901
195,answer-gbej2lvikj72j,Тип №3,"В этом варианте плашка с предупреждением видна наиболее хорошо, а потом дается подробное объяснение, чем пост может оказаться вреден. Вообще плашку с предупреждением надо размещать ДО начала поста, чтобы пользователь был заранее предупрежден",4,Нет,40,Мужчина,Да,"В сети слишком много вредной информации и инфлюенсеров, которые ее разносят. Обязательно нужно предупреждать людей, чтобы они были предупреждены",205418
196,answer-gbej2lvikjeu6,Тип №1,"легче читать

",3,Да,18,Мужчина,Да,"не знаю

",107169
197,answer-gbej2lvikkm9f,Тип №1,Самое информативное предупреждение из предложенных,3,Да,28,Мужчина,Да,"
",81865
198,answer-4wtf2lvikollo,Тип №3,Ясность,4,Да,27,Мужчина,Нет,Достоверность,43871
199,answer-4wtf2lviks5bp,Тип №1,"выбираю этот пост, потому что важно включать свое критическое мышление! и хорошо когда об этом напоминают)",4,Нет,47,Женщина,Да,"да, потому что важно думать, прежде чем верить всему что пишут и говорят.",424232
200,answer-4wtf2lviku0n9,Тип №1,более развернут ответ,3,Нет,45,Мужчина,Да,чтобы знать что сообщения не из достоверных источников,187184
201,answer-gbej2lviku56t,Тип №4,более подробно,4,Нет,38,Мужчина,Да,меньше мусорного контента,251173
202,answer-gbej2lviku5c2,Тип №3,Для меня они все одинаковые,4,Да,29,Мужчина,Да,Есть люди которые слабо понимают в безопасности,121959
203,answer-gbej2lviku80y,Тип №2,"Броско и лаконично, нет лишней воды, все понятно и притягивает внимание.",4,Нет,26,Мужчина,Да,"Ну очевидно, что это полезная информация",127236
204,answer-4wtf2lviku95n,Тип №2,2 - коротко и ясно,4,Нет,43,Мужчина,Да,многие люди доверчивы всему,148505
205,answer-gbej2lvikuekq,Тип №1,"Когда плашка скрывает текст поста ее невозможно пропустить, что делает ее максимально полезной",4,Нет,26,Мужчина,Нет,Слишком много работы для соц сети ради ничего,486918
206,answer-gbej2lvikuet7,Тип №3,"приводится подробное объяснение, почему статья может содержать ложную информацию",4,Нет,40,Мужчина,Да,поможет предотвратить преступления связанные с фейк информацией,117884
207,answer-gbej2lvikuf3f,Тип №4,понятнее текст,4,Нет,22,Женщина,Нет,нет потому что это может быть спам,175850
208,answer-gbej2lvikughe,Тип №4,"Все варианты подсказок(объяснений) вынесены в отдельные шапки в блоке, что делать страницу меньше и делает доступным все объяснения на одном экране(странице) без скроллинга, что экономит время и клики",3,Нет,30,Мужчина,Да,"Пояснения всегда полезны, а уж решать человек будем сам.",296664
209,answer-gbej2lvikumno,Тип №4,"Предупреждение стоит вначале, его хорошо видно.",4,Нет,38,Мужчина,Other,"Вопрос сложный, с одной стороны это конечно полезно, с другой стороны многих это предупреждение либо просто оттолкнет от поста, либо заставит изначально относится к информации в посте с недоверием. не совсем понятно, по какому принципу это предупреждение выставляется, поэтому сложно ответить на этот вопрос однозначно.",520203
210,answer-4wtf2lvikv7fs,Тип №2,визуально более приятный и ненавязчивый вариант с предупреждением,4,Нет,33,Женщина,Нет,думаю человек сам может сделать вывод,312135
211,answer-4wtf2lvikvwis,Тип №3,"Дополнительные пояснения на одной страничке, их можно скрыть - открыть. очень удобно что не отображается отдельном окне доп. информация. Для меня было бы достаточно пометки красным о возможно недостоверной информации. ",4,Да,31,Женщина,Да,"Сейчас очень много недостоверной информации в интернете, особенно важные новости СМИ. Было бы отлично если бы была пометка официальной информации о событиях.",278654
212,answer-4wtf2lvikw6id,Тип №4,Потому что предупреждается  именно о чем пост  может содержать недостоврную информацию,4,Да,46,Мужчина,Да,"Для предупреждения, что пост  может  обманывать.",235122
213,answer-gbej2lvikwqgh,Тип №2,просто и действенно,4,Нет,28,Женщина,Нет,каждый сам решает что читает. смысла нет,95317
214,answer-4wtf2lvikzuv1,Тип №4,более подробно,4,Нет,38,Мужчина,Да,потому что не желательное,178676
215,answer-4wtf2lvil4veu,Тип №1,"Коротко и ясно, плюсом то, что доступ к посту сразу закрыт",5,Нет,31,Женщина,Да,"Потому что пользователю сразу поясняют, что этот пост может быть небезопасен",453625
216,answer-gbej2lvilk7e7,Тип №3,"Все коротко и ясно,не нужно долго и много читать",4,Нет,23,Мужчина,Да,Много людей которые ведутся на фейки и верят этому,80945
217,answer-4g22lvjfl3ua,Тип №2,"Крупнее. Открывается только тем, кому действительно интересно. Экономит пространство в сети Интернет.",5,Да,31,Женщина,Да,Потому что люди очень доверчивые. Главное чтобы не помечались посты такой меткой с достоверной информацией.,136661
218,answer-4j4jz2lvjfl4yc,Тип №2,"кратко, лаконично",4,Нет,48,Женщина,Да,полезно для пользователя,61632
219,answer-4j4jz2lvjfl5ag,Тип №2,"Я бы предпочла сначала прочитать сообщение, а затем увидеть предупреждение. Причина - я хочу сама оценить насколько информация правдоподобна.",4,Нет,39,Женщина,Other,"нет - потому что непонятно, кто решил, что информация недостоврена",159715
220,answer-4j4jz2lvjfl6jj,Тип №4,"понравилось, что есть подробное описание. и на мой взгляд из всех представленных типов этот наиболее подробный, понятный и качественный",2,Да,19,Женщина,Да,потому что в интернете много недостоверной информации и следует помечать такой контент соответсвующими маркерами,158353
221,answer-4g22lvjfl71y,Тип №3,"кратко написано предупреждение, а кого заинтересует может почитать причину",4,Нет,37,Женщина,Да,не встречала такие посты или не замечала,334025
222,answer-4g22lvjfl8di,Тип №4,на мой взгляд лучший вариант,3,Нет,27,Мужчина,Да,чтобы обезопасить людей,54586
223,answer-4g22lvjflagi,Тип №3,"Под предупреждением о недостоверной информации имеется пояснение с официальными данными по вопросу, обсуждаемому в посте. Это помогает бороться с заблуждениями и домыслами ",4,Нет,36,Мужчина,Да,"Да, потому что в информационной среде много недостоверной информации",268169
224,answer-4g22lvjflahb,Тип №3,"не нужно никуда дополнительно нажимать, чтобы прочитать пост, при этом пометка стоит перед текстом",4,Нет,32,Мужчина,Да,"чтобы люди не велись на фейк ньюс, считаю что такие пометки нужны",131867
225,answer-4g22lvjflbq2,Тип №1,предупреждение вначале и текста не слишком много,2,Да,42,Женщина,Да,Чтобы распознать заранее недостоверный контент,172366
226,answer-4j4jz2lvjflcgd,Тип №3,"Видно сам пост, можно ознакомиться, есть весьма заметное предупреждение о возможной недостоверности этого поста, так же имеется весьма подробное пояснение что не так, выглядит удобочитаемым.",4,Да,36,Мужчина,Да,"Помечать все подряд кажется излишним, но некоторые сообщения могут нанести реальный вред здоровью, особенно на медицинские темы, таким надо пояснять, что это не истина в последней инстанции.",370527
227,answer-4g22lvjfldd2,Тип №3,"потому что ответ на комментарий развернутый, не оскорбительный, но при этом полностью опровергает написанное автором",4,Нет,39,Женщина,Да,"нужно, чтобы не вводить в заблуждение тех, кто это прочтет",297531
228,answer-4j4jz2lvjfldm3,Тип №2,"все кратко и понятно, нет лишней инфы. и каждый сам решает делать то, что считает нужным и правильным ",4,Нет,39,Женщина,Да,"я думаю, что это именно для меня важно. чтобы сопоставить то, что написано с предупреждением и проанализировать ",264835
229,answer-4j4jz2lvjflf6u,Тип №1,"Информация отображена кратко, емко и понятно. Человек не готов уделять время длинным текстам, поэтому воспринимать более короткую, но "" по делу"" информацию проще",3,Да,29,Женщина,Да,"потому что в настоящее время люди слишком доверяют тому, что написано в Сети и предупреждения помогают более тщательно фильтровать получаемую информацию",166434
230,answer-4j4jz2lvjflfwo,Тип №2,"Просто предупреждения достаточно, подробно мало кто будет читать",4,Нет,34,Мужчина,Да,"Если посты могут нести вред здоровье, нужно пометить",244738
231,answer-4j4jz2lvjflgsi,Тип №1,Оптимально обозначено почему в тексте может содержаться недостоверная информация. И расписано это кратко,4,Нет,41,Женщина,Да,"Что бы люди понимали, что не стоит доверять всей информации встречающейся в соцсетях",235110
232,answer-4g22lvjflhvy,Тип №4,вариант 4 раскрывает более подробную информацию о том почему информация является не верной и есть контраргумент а так же есть обратная связь если есть неоспоримые  доказательства  у автора статьи,4,Да,36,Мужчина,Да,потому что нужно предупреждать о статьях в вводящих заблуждение,718813
233,answer-4j4jz2lvjflkuu,Тип №3,"Мне понравился больше этот вариант. Здесь можно прочитать сообщение пользователя, а под плашкой предупреждения почитать информацию о вакцинах. В Тип1 нельзя прочитать сообщение пользователя. В Тип2 просто предупреждение без разъяснений. Тип4 в целом понравился, но не видно сообщение пользователя. Было бы хорошо скомбинировать Тип4 и Тип3.",4,Да,34,Женщина,Да,"В целом было бы неплохо к подобным сообщениям ставить пометку, но пользователь уже сам должен решать полезна ему эта информация, согласен ли он с ней или нет.",465586
234,answer-4j4jz2lvjfllit,Тип №1,"Уместно предупредить о недостоверной информации ДО текста, чем после.",4,Да,33,Женщина,Да,"Потому что очевидное очевидно не для всех. Важно отмечать, что информация касается лженауки, конспирологии и т.д.",398576
235,answer-4j4jz2lvjfllqx,Тип №1,"Кратко, не вызывает дальнейших вопросов. Человек сам выберет, надо ему читать такой контент или нет. Еще неплохой ответ под номером 3, когда расписаны аргументы, подтверждающие некорректность суждения, но неплохо было бы указать источник сведений.",4,Да,46,Женщина,Да,"Хотя бы потому что, человек задумается о правдивости представленной информации. А дальше уже дело за ним, верить или включать критическое мышление и искать ответы.",543513
236,answer-4j4jz2lvjflm7l,Тип №4,более развернутая дополнительная информация,4,Нет,39,Мужчина,Да,люди должны быть проинформированы,156181
237,answer-4g22lvjfln1k,Тип №4,больше всего вариантов и закрыть можно и отправить жалобу а не просто предупрежение,4,Нет,30,Мужчина,Нет,можно манипулировать точкой зрения нужной повесткой,256337
238,answer-4j4jz2lvjflqek,Тип №1,Более точно и быстро дает понять почему этот пост нежелатилен к прочтению. При этом закрывает пост и при желании лишь можно его открыть,5,Нет,22,Женщина,Да,Считаю это очень полезным. Помогает лишний раз не наткнуться на недостоверную информацию,295668
239,answer-4j4jz2lvjflqyu,Тип №3,3 тип потому что дает дополнительные пояснения,3,Нет,25,Женщина,Да,"потому что в современном мире много статей и новостей с недостоверной информацией, а также просто с мыслями и рассуждениями, и некоторые люди воспринимают любую информацию как истину, без фильтрации",485604
240,answer-4g22lvjflz6x,Тип №4,"Этот вариант считаю лучшим, потому что предупреждение в нём находится перед текстом сообщения и таким образом лучше обращает на себя внимание. В то же время само сообщение не закрыто от пользователя, как в варианте №4, и читатель сразу может составить примерное представление о его содержании.",4,Нет,40,Женщина,Да,"В интернете слишком много информации, в том числе недостоверной. Я считаю, что подобные сообщения помогут пользователю более критично относиться к содержанию того, что он читает, а также упростят ему поиск источника информации.",455491
241,answer-4j4jz2lvjfmhfa,Тип №1,"Потому что  там предупреждаю, что контент не достоверную информацию запостил    ",4,Нет,40,Женщина,Да,Потому что так точно будем знать  что это не достоверная информация,385938
242,answer-4g22lvjfmivv,Тип №1,Вариант с подробным описанием о мошенничестве представлен в этом варианте .,2,Да,30,Женщина,Да,Информации нужна дополнительная информация о предупреждения о мошенничестве.,133739
243,answer-4j4jz2lvjfmjrk,Тип №3,"потому что ничего лишнего, просто объяснения почему это не так, и подтверждающий факт",4,Да,26,Мужчина,Да,потому что много недостоверной информации в интернете и многие люди в это верят,78820
244,answer-4g22lvjfnqxt,Тип №3,Так удобнее воспринимать информацию,4,Да,39,Женщина,Да,Чтобы быть начеку,101682
245,answer-4g22lvjfntea,Тип №1,"в этом варианте пользователь сначала прочитает предупреждение и задумается, а в первом варианте наоборот (такое предупреждение может не сильно повлиять на восприятие)",3,Нет,38,Женщина,Да,"не все имеют критическое мышление и иногда человека важно предупредить о том, что ему предстоит прочитать, чтобы он задумался",285108
246,answer-4j4jz2lvjfpo7g,Тип №4,"Этот вариант более полный по информации почему он отмечен предупреждением, также полезно узнать опровержение поста и если есть вопросы по нему можно обратится к поддержке",4,Да,35,Женщина,Да,"От предупреждения будет больше пользы, это не даст ввести в заблуждение",625766
247,answer-4g22lvjftktr,Тип №4,подробно написано,4,Да,41,Мужчина,Да,сомневался,176704
248,answer-4j4jz2lvjg0qyx,Тип №3,более понятное обьяснение,4,Да,33,Женщина,Да,потому что это защитит от недобросовестных людей,92205
249,answer-4j4jz2lvjgc7k6,Тип №3,"Много информации, которая подтверждает недостоверность поста",4,Да,42,Женщина,Да,"Потому что люди не должны верить всей информации, предоставленной в интернете",159607